id,sequence
0,EWINNDEAYFOLITAOLRPNAOESJIKEGPETREEEROHINRZAEHIANG
1,LTBIEENJZESEOYOTIDUGERMSLDILEARETOIYEACKAWWAUFAEPI
2,NRIIWADSYIAIAAGEQLALEOBEKDHEICDOMREEUJNORNOTIIUITE
3,ELTWRUTMNMHUSESIDFNNASEEJEAFINAXIRUIOZREBCDOQNDKEO
4,TIEINMTEUFBNTNAIOAOEGOASAUHVIOFEBLIKEWLRNNLEARADTS
5,CXSAVANSZUAIOHEISTETTEIROEBEMIIGNUGNRLTJWTOOMPAEDU
6,DLTENSTREQNHUKZUATEEOIUOEPYATARCIEREATROPMNLBOVIFI
7,ENEEEATORYZEWRDODTQFWNFIIOIJPOCEAASAGAIELUNITPEIEE
8,AVCKSESUEBWOYEVPTRLZGYIOITXNHRESTWANILCNLARHATDOFS
9,PBOVSWLTEITTEDGRZRISNUNEOAOGDOTHSEOIDNUSEEOAEAAYVT
10,TXGOELSUEDOIRVHYOJOOBNSLETESERGESNTTEAIAOIIAZLNIHA
11,EUOYFIERAMIRFPOLOTEONEAWUHGAGEBSOOIRQXNIONYMLRCSEA
12,NAHAARSSCROUOYNGTEPRBVXEBOGOEWFPRDTEDCUIINYNEAEMZO
13,BRANYTAFGOAGULSGEEYSEEANDADTREIBIIMXVRRQAILTJCCLAP
14,CJTOSNEIUBFAOIESUPRAIEAEAVOINMCATETNIEGEEOTAXZALOO
15,RFRTEEAIYHIBIBETLGPNELECEOFAMNGWAIWESVRATTETYNDSCZ
16,EDIAETTTIOYRHUWAIRHNSECAAGQWUXSLPCEDENLRVAUTOBOILI
17,EETDNJNGIELTUYIFEYMZNERKTOCIOIIUTNAGVOSOEPADEPADTA
18,MEPOOAHDMOEGNTOEXTCNRREDUFAZTUFWCEBLIOHQIWAOATITRL
19,RETEOSFCUULAGMUADONRVEDRNWENOEGHBTEEROJOATNMLDSVLE
20,YHBONITEOOSGIEKNRAELEMRDSYWUVAQOLIDZCIEAIEXIWLUEAL
21,OREEFENNIHECILNVGJNPAGGTELTEAODZBIYXONMIICEFEONIAO
22,IARDEREOLGEESTMTWALIDNKSLERUISAGDHOGOYTZUEEEVJTESI
23,IDEFIRUSAAGBXSILSFVAUMMOEOETAEQTILOIVIOSTECRITZATN
24,AORDIVSEAIEEDTDAGFOVGNMEAOUNKRAWOONPJUEWEXLFEILBLA
25,RAOTOEIWUTDEWOEENDIOLNICAOKETUEZQVERTRXNAGEOIRIUAF
26,ZOEYEIEAEDFCLLAESDNAHEAYRREULSJTIUGTANMPOWFSDODKAI
27,LTIEEOAIARTDOIWNETOUILENMIASDOFOXTUPYOQIKJUAHVDHRO
28,IWRAUTUAGDETIILPIIEAODVIELIUORRNSCAEOEEGREJBNOQALB
29,LNIDERTSPETHREIEEOWEAMMITNEANOPAESUWNUONIRAQXKDOIG
30,EYMGTDWQANUPOISEOIAOLLTIDUOVHHAAIGNKSLNNIENAIIOFAW
31,ETEHOWIDCURMSENRBNEIUNDGNTADNUEFIRZPEWPIVVJYLARQEO
32,AAATNEERTNRAJKPCLOGLSAUFDCEOMNAOTIIEREBEIDSSRIZITS
33,ARIUCEDLERUFACKSERADAHWLAEYTQIDTOYREENNIOTAIBEIBHW
34,OITHXHWAORMFUADNIUYAIAEEVLUCIENCDSEDOLZTORMLRJONGT
35,WHCAJDSSOEEAEUSOAFNOVDADOELPMBNNVIALPMIIUFNEADTRRR
36,ITERHESUUAEMIIIRSSAWOEVCLRPWYJHENNGETGVIONLANRPAEO
37,EEFZCIGNKMARDTEMOOEIOTDPTRPNWBNEETWHAQOLGXAAYUULSH
38,IDELAIYRNUTJQNDPEIWWEAAAAGYIOLSHREEREACBGINVESOEER
39,IRAIHNAENRGPYREETIYLDSMMCUEEXURAODIOAOBGOPGUAREESL
40,FIEVIUIUPENNIGLSSWWREANHPGLRAGASNREIDYNAUOMIUODALK
41,KIEPDICARTRUNGPSTDIYUOEENABRVSERAJZGMEWOMTIGEFXLIE
42,OOHECFAJADXDBDIOTZOROGILERELIEHYRIUNNBEMIGMTTPALTE
43,DGLNOETCNOJDVXAIALBOTZUHWEGHRUVWKSURPNRAONILYYAQIR
44,RYOEUFEMEAEGNRWDHTIOOLENTQIDTELOPASAVNCXFISATODWIE
45,TSLOQLUDNRTVMREBIEMCBOTEFYNEYVACDUAANTGTAWDEEAZIWS
46,ETFOIODKRVDLINIRELEPLIETNOOTTOGGBERATTGAACXILVSOAW
47,THEYKAIIATYFETNEBADDCUTGOAEMTDILARULAUAOXIECUPVNPH
48,AUTLHTHTERIMKDCOUOEOXUGBRDJRANPDIOEWIYIIVOCEFLPDOI
49,EZLAVASIEEINENIOOVSROEHASAMRUBOERNDTCTFIGSEHAQINLA
50,AOANENPOEWOOEAVXNURHOWEJIAOBFMNFIMTGLIIVLSURNOTEOA
51,DAHSGEFEMRNRAVIEWNFITBORUUOZQEYOIOCENSMLRIUEIGGSLI
52,KEYEGRBTTPHVSJBUQULEUIOACDSEYMIEAIUASAITDNTSRGOCIL
53,KUABSTNMOMIEGAONGWEIRACAEIEONROECTQUXYNWHITJNEAIGL
54,TVEETUZSGSRRBTLIDETIEOFVCOEMOAEUBEWOAYEIIHIAQLAAGN
55,MRTEJAEWELTNWRAYIIATRPPQHNGNIINTALODFNBDXRUVGSEEKS
56,PCMXETNIRHATOGOIKIWCATDLPLJASUOBOEAAOVEUOQLOITGHGN
57,HAEEEUDPISRBWOLRSKDISFEHIITXOLEPNRNRVAAGRSITUANLNG
58,JOQCMNUUONTDESRIRMEIRBGLTVKIISIUEGOAZEANOBOLEDADHO
59,KTBDPOGIAUBAMTAVGHDQRUREAVLATONTIFOCOEALSNSEOXEEZC
60,ZTDOQOHOSIBEEPAKNRLRNULFAETELTJUSGCTANLAAESROECOWV
61,TYAAEBADZPDEEPCTNNOOIAREETETCQOHEUAAKYIEENNIMSTGWI
62,HSIWDEAKOTATOSACOFABGOELPAEIUQIAUUERMNESLIILCGRDOT
63,OSRIRONASDIFTLRNIUFLIATOINTAQKGSWXHOEHTPEUTELROREO
64,AOQWEOUEAIASEGEWILAXEUVBSITEOYFAIOJSIUPNEORDLTCNEF
65,ZIFGILEUNGJTCAUROEOIEPEQIDUOOTLSAXAYWDESTNMADOATEA
66,HIONODEQEENSURRYNGAWTOUTAUEIKXNAGNHYRCRBCMAZSTTPBE
67,NINWSARZBLDRIURAEMAENEWOGDJGITUCNMTSUCSAAUOEFVYKDL
68,ZAIIWNSAADPRACYKEIJRLVGOUOERMGAPRFYUVRXDLEQEFIEITG
69,FBEDDROAWULOOAIILTTRXVAVUOLTINNNZTFEPIOUDYOSOTSRMU
70,LGTMOICDDBTAAJMEEEHWTVUTEOSURIEPCRNNEIEOXSZGVALARO
71,SOOERIUENNGREYASAUZDTIEEELPIJOETAWFEEFLIEQVXIDAMLT
72,TONEIINAWOBELCDRDEHDOUYSROSOOAUYSXDPRSLFURHEIWATNE
73,PIIEOCILOORNAOHLEAPRUSEEEYYAAVSOENIJGRNGWENALDTMRS
74,UQOEERWAAOKANDMHOHZEIRDGNUASICLVEDAIUGFTAEOSWLCATO
75,ORLESIDRDNZUUTAUMDJCBADPIELKOOOWTTAIITIEEEERYAXULA
76,EEJWYEAMOEADFSIARENTEIAPXLIBAROAGDNIUOTSNEISRORWUE
77,NDOXEEMTCOYELIRNDFINTLTIVESJOONFAATIGTAIRELKNWSZHW
78,AWESFEVGHSERSOYALEDXEBONROORAEOVAFQDOTZNBUATJDRUIG
79,BVEENLDOADCJEAOEAIRANIRSXALOYTAENWGSTBLRHOWURNOPGU
80,EELYNLASSTGOITSUDAIJCEIITRGICWWEEXRRBRBUADVNLAEIDT
81,NQEJAGPTHITWSSIAIBMRNRDGNVPFOAEXERFTTERSHMROEIOEUO
82,IPRRXITLSEISODQUEUDPHYGINJAGOUSBEKERASZTNEADHIEBCA
83,AIDEIILASOULIZVIERGTESAHCDDPSBAXTCOUROLOEOAODHRANW
84,JBIWROILFAFNLDCIERATENEUAIPDEZIUPLTIMUSEYRXERNEIHO
85,WOESARTNEIRDYSEAWTANLXEOIRNVYJPTCAALGIIREEAERKNBCL
86,DHJAIMRUMEADQDTGPIBIOYGEAORUTINESFEAESUIENLNXCOTRA
87,SDACNNNVEVPAJOONELRXGEBATAOREROEEIFUDSWILTTAIZRFCH
88,COOGNSKEDFIPJARHEAORRIEYATXESIORNZNEOSTDSTWEBIGAAU
89,NTOUIEAYHADOEEGAROUIAHOAIOJRARSLEEEEFOIEPQANTODKIT
90,JEOIIURWICOLYNHDEAULNSUYIGFLIERGIQAEAIEAETTDRESTZF
91,INPAPTGRVARBOBQNENKSSGLDUOSVEFTIILWDDUAELEIRXGOENI
92,QDRRUEBGACEIIVWISROEUTNMAXCEENHMYOOLAOENWOHGATLPKE
93,OTNUXOAHWEEVRFADUISTOIEGYNZCOEVDSGRDALUNAHSFIIICER
94,LVPPXLAGNYIHARMSOTIFVESRNGTUNFKRIAOIIZEUTDUUAYQETM
95,IUIEIKRUNOIWNONEFPTGRDEVPEINTZSAIADOVEAEATOXYTMGNW
96,YNVGDEEGCQUBCERPIXIOLINEOAWOTELEFYMOENURROHNELINSD
97,ADXNPETGOTERAJOCEOASEMAYEIIKUAWDAWDESTRAIFIMILZLRR
98,ATDWTVSELATPEEOZEDGNIOVOMBDRIJIXOESCRCSAOIDUAAEHNU
99,NDGLAEVRCBUWHUAFIPRIIORTNESFEGJMKOICELOISTEORTOAXP
100,OEBOUGHAIPAWRREUOLTETGICFLIAEMINNAIAATOIXVFUBZMWAI
101,ADIEIEEEMEEFTOJDFUVNGOINDCEWURONALROLIOEELIAOUZAPD
102,IIATISTWOHLGTEAEAIXYRDRNAENTFSVEMFJERIAKDIEGICEIAR
103,GSFMOAEAIGXRETIDEAIRCYHJTLFRITHIRELEEBNTEDVOEQPUNO
104,MZFYLEIOBVHOENTWAEAIQJULHLDRURTDORYGAENENEKACADFOS
105,SFITHRTDIEIZITAEAAOKTAABENGAUNRMPIGDLBOELETEAWIHFL
106,HIRDYETAEARENTRUNHQSESEOIFRWBIBJLWDNNULIEENOCUESTO
107,OGAIDROAEIULNYIAORNBMWIPNOUEFFTRUWIONHLSDEXINPAETR
108,DALDGGETMOELEINVYTDNOSISHWEGOLZOPTEIENAAFEUAFYRWIO
109,AJVFIOHUGONNKXBEGTTLEONEALIOIEWEPSUNCORDITCIEAIFTH
110,DOKBTSSWIEHABRUOORLCNMMGFUIODOXDSLONPAENIVTGREIJEG
111,DRNRECONNRSTKGLIBBNAIEOAMELAMUTEEAAIZOELSOAXELWNTY
112,YHONRTIRCWRLFBTRIELIEKEGNFGUETHOTUDVSTCAOSOAAVUAEO
113,RWETCIZOKIOEAORRENROIOTULTEQENAUALMMIGBINOEFIJDBAX
114,AYOEFOSGSEFBLKNNRQTTCEDOVUIPOPDVUTTIRELIJZNMAUINSO
115,HSLOAEMNINXREVLLRIIIBPAPROJUWNZIALEIKSEEBVTETTADIQ
116,NASIOUYANOSEAABWIEOXEAARAIEPLAJTILVKTTYFPEZDUIEDER
117,NEAFGRORINUDOSPRNITUKBEICFTXRNAGEROEISMNAOSOPSYDHJ
118,SIDRAYTEGTVHRTSGDCWUPNBTOWEAESMIEURLOKNPEARVLAEOLO
119,PIIQEHVBDOLTETWFRGRIYNINGRRLAIEIOKEMEOATUCRCUUDAPT
120,YEAFHEAOLTVGIIRXWJEETUNEEEIAAZYPDTNORTUFIRROADTBEU
121,WIJNGAEIZOERUOOARYGODTVDETURIIEWOIELAAIOSRLPKPCYCV
122,EEAVEAFRIUTDIEHTNENNIAUBLADELUOREURAXRDEFGSAWTVTOY
123,IMAJSERWANBITEIYIERAAOIZGHNLEDFNOSLDRUTOEDOMTXOTEY
124,DMIURENSLVOEDZIIQINEFSBSOAAAXEOOLJCIAGAEREOERETDTO
125,IGHNAONAEAEJADGAOUBOYTAPEOOIEWSRLIYMNSEBVDOSEEROAP
126,NQTRLITKCEOTZBCWUREOPAHMUJOONHOUTNMEIAYNAGOFSADDAR
127,UTBLZBSIIORLNNDIOWAWATGOVAELRAYAFNIIRIJOEEDAETXCKR
128,OGXAUHIOIRLANPQCNFMWJTMAITTEEDAINTNLDESAIOZAODNRKI
129,NPKAVBEUFTENOYCAJHOEDCGRIEFRDRLBUYAININLZANESIOONI
130,IRVDSUXOAREEOUPSLTDEOQTFAAIEHNUJIHSSOMPEVICCYRZDAI
131,BVOAWNLUITTAEEUOAOXJOMDYOROGANSISIERQIPTVRGSLREDII
132,DOLYVUTAARMHNPAGHGZEEROECOSTPUADEUESNKTYINRNAXFVAS
133,LGTIODAORUNBLDPWEPEANAWINEHIOITFNZNLOSUTSEOSOFARAO
134,HMEMBVROTOLSPOZENICQAFIFXOOPRTKEDJTRETRALWRIUAUNAD
135,VNLTECSFLTPGRIAEIBWOYENWAISFDOSVLREAUTDMEUIERONZAI
136,THEONFEIRPONALAIMREIYGDLMINDUEOQERUUCOACRSVODLOPBX
137,IYTONTEEARUTBTEALIUJBCEUFIEEOAALRINXTEFRZEOSOIHNEA
138,VIITREUOEAITAEABCSGMRNSUBOLTEAJRGEEEVONDPAIAGDFEEN
139,IANULEOOINTATTDLENTIHGEHNESIUOWOECEBDTMREVOOARAFOG
140,CUAGAXHSILOAEESSDMEIENETNTIUZAGEEARIQGPNRELTNSVPTO
141,LAEOBUGIVAZGDEENAEROTNOIEARURYWDOTLWOEIAEROTSIIPFY
142,ZTNGRITICAUHWBLEFTYDMEERAONOENMUTSRIJLNLDINSASEEAF
143,MSYKEDMAAOIRDOTABLAIAUEGIHEIEGNRIOCYLOEFTUPVDANEWC
144,PUHESLSNTVHJYDANEIEOEOSOOODVRAPITOWNURXTILIINFMOCI
145,IQLLOHWOETIYHODAFOEOTILCOLTMSRATRIANVNYSOPUUCNFNEM
146,RRVRGONTIITAUIOCOEIETNEEECAODMAEGLNVDIXEWBUOSEAONS
147,IOFURIIQOHREEDDLEPTUELVFMEBAHYMERRTNIEGTKIODGYLAOB
148,RHBOCSLNOIWLUDIJOHUAOGUAKVIEDOWELNINIIELTIMCEYSBGE
149,SRIPARUIEKEANRDVLOZGUIQSOEGREPNBLYOOWOBJEIWDVFACNN
150,OTAIRGUBDAMETENEOVNNAVMDANTEDGOAPQTSHILWOUNINRZTJF
151,OARKSVSOSEAGLTBWYRIBTUEEIOMEEWTOLEOSFAHRVRNMEDNNEA
152,UAENLDIXEDEOUCGUIQIJETNCZRRESIMANSGYOFVLINRRINSAWB
153,EEOHRETINRRETBAIATIPMNFMNERIQSOUTIAGAULYDWNEAACEIS
154,TEBMYHNSENEHPSVDILSSCFLIOOIXAEIILOWQGRRRAUIOLGNFIE
155,YPOWOOEITFHDVECEUOIAVAEGSNNULOQGNDLSZRHEITISTRAOAI
156,OAWOOLIAUSUTIGTBIRXDOEOSLLGAQERGCAETEEFEINNVIZREWE
157,LAJSGTEVEOHASGDTOIIRTEVRISNUQYIBTXEDWOOEEDNBNDRAEI
158,DIQWALHKMOHTPIDOPYSREIBREOAGNAIEUUENBVITRONAAESDAC
159,BIMVEALSZEELUEAAHEGAWITYBOOWTNGTANIXDOREIKIERGIEAR
160,MRNSROIEEAIGIXURAONSACEOLILOEMOTIEQEPAVEOUEFANKEOF
161,RUGSENSHTNMBUEAEVIOEIGAEKZBEASAROTTCORANSVLYRUNRRE
162,ISEIRAEADDAADILAOOURRITHAGEOXNVTLUPALNSWEOUUZRJETT
163,LFFRINARASTHRPENUJIWHXMAIRKIEMNICZEAVGTDIOOAGGBEUE
164,WTHBATRMGESIRSOASRUELLDDIELNETFLIOWCEIIUZNYGPOTUMA
165,FGLEIEMHKANISONHNDIOSDTEATADLTNBXIZAJLLTEOCERETIDP
166,OTPUMIZOEABVJALIELAYODGGEELSEEPINQYAEVIHRXATDEAHRU
167,ILVXEQAMBAHUNEEMPTEEOUFBGATODRAOAZENVSHTERIKAOELEE
168,GRMAUOSOIHULEUCTINBVPAAVPMBDIIEIZAUEANKDYNALFOYINS
169,PRFOESAGAOAOATEEOQEROETYURTEIHESTIEZNAWLAOIGNINAIN
170,AWNTMXTOPGNORQISAJVARWOBHBYHETMRGEEIOZGEFVEAAUNORP
171,OIOMNEUBLDGVIKANIRAEFTTJLCEICFTAYDRAOUTNYISGNMOSGA
172,RTDEAOVINQPTEENSXOTPESAIESGRTDDJOROOFORULGHWESDNUA
173,SESDEDFEDUYROIWCITEYIUVJNTBONIPNWIUREMAEAAOMGNLCHT
174,IQIARHWEAEDMITANREVLAEASATTLUETBNUJONEMDEGKLXVCNHE
175,VUAOEHIOAOIUATIFIEEKEIAUEAFIPTENLPQYTEMNRNWDMIXGOO
176,UEEARBIDNATERHONFACZIIIUIRHJGNTEUIMAINETSEADNRDORA
177,AEUOANGOEOLIMNTCEFJLDRSSNAIORLIRPETPAEDKWOAVTFGIES
178,IFRAIRREYIRAEDNPATRBBNKOLVAAOOOUAWUECAXILLSUMVGEGC
179,TRTEIESIWEIROXPAERSSGEFNYTHRWELNIJEOONFNASOBDNBODD
180,ITAOIRBIAETJEIUERQRSPWATNODIEDYEIAIHGENFODMECIAZVN
181,THSQGDIAEROZPVRLFICCSOURAKUTSEMEILOUEAHTNTPREXSAEV
182,INRLUENEIVTZISAALDAFTIRGOWGTBTUAESEOHCEAXPODNRPAIU
183,MKINASPXDNITPTOEEEFTAQVITWAWIJSHEOGOIELGEILCLDNZDR
184,VTNOFANOZEELTJFAPSOREAODNARERRETTEGIIPTURMTSDOLMII
185,SQWYNDADSRGAHTETRUENBAFIZONRIOAKRVIEINALCTUYOCEEHW
186,AIIOLETEUFMSIINAOOSAHRRDTJRRECDEEIFSPXUIETUOVONWIG
187,SETELEENFCRIPWUGXIOTONUDNTALOIDIRKOBVIGLGAOEQRSOZF
188,UBIAONQKBREILTIRTCRLEEUIDTIEOIOZFPSREOYTHANTESCDWG
189,GWAAORAEIRRIMBASNDIHEHEACPGUFIEIEWNZLDJLRSSEIDOONO
190,YPAEIOOQFRVCOYGPUOEERHOTAANBSEEVAANFWOEICREMINEASX
191,AOPCIIDNRUFOTSERKBLMRYAMEEAOSXUGOIRYELELNOZQARHAGT
192,KIAAUOREAIJEGYREAOTEZNLOVXOAEASNRGROTUSIEUEPUSAVTE
193,WSOEXOVCADLEOCAEEISIQVASFOEHURGAPIKIMTUSBTRAEDGDNI
194,HTINROKEIRRTAEUOHITBEEONOXEPLGVTIACIVYIEEJNRSGUEIW
195,DJEDEXSILPVCTRGGATAAAOOETNRSPOTNESIANFOAWMUUFRQHYZ
196,IEQRICIXURIPOYOATMGRFEUSLRFAOEABKUSAONETDIEADYWODA
197,OFEOGMBSTTRETVEICABIUGILATALISDNDRVIOFPNRITNJYKSRE
198,EOONOTTEIIQIVTOZYBNEARSHRLLLVERDAUTSAEDTAKEOPRRHWB
199,AISADEESRIOAMTAJAOMEXILGOREIIEREKROGWLWBEHAEILYHSP
200,SNWIIEUAEGDLMZTNSOAITFMAAIAREAOONLPPCGIHVSFXRNTTVD
201,QRAISNOYDRINUTWUETDGCUEDFOCSUNOOXZATEDITABIEMTKHPE
202,YRGTEORYUSREMSITHUIAKFVEELXNEIDANWQLSOTZITNONJEBAN
203,XIEDUOEEAULETWWAIDGINIIRTNORBHRZQAOYCDTYVCIEIALJPU
204,MTNSFIIIIUYEREREEOASISUOFENKWWVILLRSDTBAEIEJOOCIEA
205,IGMNSATDETOLRDDRRNRSXTNGAEYFIBANAKEVLUOAMWSENPEUIO
206,UUAYSTMUGEAEDABDARIWFMPPXEIOEEEQIFJNCCIIHRLOGLGADT
207,JELOATRRALIRAIDIHPFLSEVBAMRAOYEFOVANITMSITNHYLEESA
208,AENAQWIOYEOIAEOEDNATTAZGMICLTHHEFPNIRMRDJSELPVRGAU
209,SDHTAPNLCJLBEAESNTOTLAYLQESEWONORRKZNERFSBIIIDEOEA
210,OEBNADTHULETISSOAARUPANOGCZOAOWSRKNSQVNAEYAAAFIMIE
211,AGUIEIETRERLMEXTIIIGJNUSPDTPEABILYEARHWEONOBITKONR
212,TITEEOEILTZECAUMINAIVSEYPAGFSINOVBOUEEYEREAJRUAFOR
213,RURTENDHNRNENAIAAAEODAWTTVGMTEEJUOOTIAOGATSPZIDSHO
214,EYTRDCAZAJSLCGTNELEFNMRGUQWYNIVLUTUEREKEAOIAIIOEEE
215,YQJWGDRTUTNNDUALENREDCDBRNLFITAEAVESSAAPSOKGMGROMF
216,EIAENPEIURRTRFAVKAOAIDADSOGITAYRDSNGOIHMXWHZEYCQNE
217,ASANEIOLOAOODPAVLITEVDKUIBIUUZREEGORXIGNRTEIJSMAHA
218,AIBMORERAARNSULOTSOZICDYBVTAMSGDNHOYQXEDIIEEAUIKNN
219,UAEEZOWNHRIMDEANASITERONNUGSBEWPIIMAIORYOEATSEKESE
220,LAOAEYIQUESPWBSGWETIESARNETODAANUZTILRPACECETRAITG
221,KAIROGOLGTWTINIAMEVOFWVEUNAUTPAEAHICDEEDTEODAOFLQG
222,ATMPNEJIEZYIHIEOFELOHANSIRUNNDIBOTELSRVRAXPGRCQDEW
223,ALTNOOOVMDIURSSNPIWELUOEHVEQXESGOZIYCBRAEUEIBDIINO
224,NEOHDORGAGYLIENAAKUIECLPJOWYORFWGMEZEVIADTRMDSNQAT
225,TOEKEUGTEEYRLNAEOOAUIRIBERABSIWALSPAYMEJEOITAVFING
226,JFNTDXRAGFEREOASOUIHTTOISVEINLREDWMAOIEYAAEIONEQIN
227,INITGDFRZRKTSCDIYEIXAORONTAEWSAYGAEMRLNPSREEOEFIEU
228,ULEYLUEHDCQOIWNIAORGEMONTIASEMSNADIPIBVKTZEEAEUDJW
229,IIOFCLHEPZDTFTHRDOEANILIBIAEPOLKTAEEUWNNELCBTIIARI
230,RBVIOOSVNTDOHEWDPIMAPTAJKTZEAANTERIGOICUNUTIGHWIAE
231,PEEEAIUHODIAYNZSJTOGUEIIWFADOETNVTCWATEKIOSONENNRQ
232,NIXSFRTYATNNOJTRUTISAELNTEMHOSEGSFBENINRPRWAODEADM
233,RLATREDEONKHOEEGWNOVXODLNBAOMTFLRVJOBSGNUNERETOEQR
234,EDRHDJUVRAKRLNTSFEEATMEYGGEITTIAIDZNSNAEOUFLUEOIGE
235,EABNTELBEORVANECATORUEIOGAPNYAOIIOIZVURGECRGMHSEPA
236,DCTEUSPIOEIOEGEIAPWRIEOMOWFTEAKRATZSEHLIVOGAEGRYRA
237,MEUIWOAOEGATEAVCXIESCNTIIEODQMIRROERTBYLZGGODAAUTU
238,TITFUFDAANBNEOQRJETRYIESXZNVUSOEGYODAMIRWUNADTCIUO
239,NRPEFWEEITLCYOZTNDISKUXINSCRBEMRYGODEIULTOBIPTSNHE
240,ASASNNOOIDEIQWEETLOVCTTMSWSDPUBYRNUOLRALNOAXEZIGEI
241,PLSRRKIVLALOUYTHAOTOTRUBABEIDUUAIEIASXHNNDJEAMAECN
242,ZPTLWDLIHIAKRRUOTASRONETESDIMASEPONIFCIONDEABIOEUV
243,LBIROYLRTAGIATCGIODAXWNZIKREMNDINLAPAUPESUEAREOYWV
244,EAVAMDOTFBTREECTEEYBTSIEOOUSNAHSGINAOZSLAOTEEWIPAN
245,AROITJSAWOOIPGBQKCUGEAEIAOHLCETRRDYGRRDFNMXNTIIARL
246,ORPONEEOTIYEGUNESRVJEXMTNBIDIHSEOGSNOAIEYARAIURRIN
247,ANONYYIHEGOFODRBTTTNAEIWPIABPQAMEEJOGOOILELIUATOIR
248,MDEISYTIPPNWEKUATAAEQTAIIELODIUNFCEGOEONTYINUJUHRE
249,RALOEEEANECOTSINCBAQTTLAIFIZIERDANTUODURDYFWJBOEUM
250,OHNTEEISNEUGTNNJGIEOTLEVIRSADILIDPAUPOQEFSIRMOXRTM
251,EIBESUEEOINNAYUMEAODEEFNTTVOUMEAOTTWQEKAPSAICEJFRG
252,OFNRGCNEAEVDOPBDHNLTAOIZLUERWIESNEITVUEDIIWAORYRAA
253,OZWRGSEPILOAUOAOACNSUIEOEDRVOETTLBEEEEJKRUNDCODMLH
254,COENOATSENIRHAOADEOAYITTRTIIVUPIDEWALONEJVEONGBZAL
255,BQEIDEIPHEARILTHWPONACSNNLAOBNUEEICGISWEARSEINROOI
256,GAEIOOPVIRVNJONEWDDBOPNSLAZCEEMHOEREIDUWIRILEALIGR
257,ICDEEUNIONRIODOLEAHTQEGZWUETMTOVAEAELPTRASGAFATIUE
258,ACLTAQSAAUORFDNGERIEIUXNWISIETOISJUOPOEEERAARCTYNA
259,SAQOVEDCAGHMEOXEJGNYGNANHEAPTDUIRSTOOTUIVILTIWFTAE
260,NGGQUENRUASURFAERHFNERWTDLCAAAVRIZIKEDOITYEREDTOVO
261,EEOOBTAUDKYGTLOFAEQNHZRIGEIVSLRIDOIJPRVSFOUWDINETA
262,IWPVHFIGSTRQCOIASIYIRAETTEJDANNUFOLPAUERIIELIMENNG
263,TDNURNLEOTIRIYRANOMEEMEIAEADNTRFAOXAOZBEHIDQERPGLK
264,COHSOSKIPNUERPDVLJMAGQNERANRRYETFYTDERHAIEOIOISSAB
265,EMTCRAAUOAXONRETSLLVTDIAISIIEEATQHEOARLTNIUFIOGBET
266,FELFNSNKCPERIEEREIONARNTAWSOOIUETLTOEEBIQGEHOCLRDA
267,TRALISIONNRMRAEIYIGIFLSNTVDGNSJUOSHODEEXEAAENUIEEA
268,GITHWEERAODTEFATUVOCNRIEENAULIARPAIESDDOCOPMONDSWG
269,HTELSOYEARWIRYNSDEAHIIIOTOEBOKAOVMCNVXLORUUDCRAAEA
270,IZXJOLALDGIENIGRIPYATTPEMNWEEFDEWGALOAEAIUIUBECHLY
271,EIDAGVEEONCIFMBTREIASLJEIIALERXOSZPOAGEIOAYENLWEOD
272,EMOFCENWNEITARREAEWAKOAOMPDXTOUOTSNSIHIDJIIIERPITN
273,LLSLEEREAWABSCEOREGOCPETOATRHPOVDTWURNIYNEGEIAINAR
274,NUOAEXTIRBANAIDOENAIOELSLRWRCTZFOAESDYNLSRTNVEEWUE
275,NEAAYEUIIMAWOGIAIEZHOLECRIKIFRDNSVLADIUEEGOYFREMES
276,EPGDYTOEVATRTETEIAEAATOLLURILHBNDOEZAQNDJNRISGTIHN
277,CAHGSDATMIEJTSAEIEAPROORBLOWINUCDDNAHKQIITEEOGONLE
278,GWBOOOSYNRENAEAOSTEEFTRAALMGINEIVEIRLINEOANCFPTLKS
279,OARCIADSKGILIENSNATERUAUERMEMOVTTAONDOWBEFBAHQEYWF
280,OEOPALTIWSNITEERCEISEIBVWUGRTRRNKYIHOAJZOUORAUOXFD
281,DNFRNIUWVDOHCTXYLAESUTINSETRIETFIAUQHNOOSTEVNGTARO
282,FOOIYVQYSLIPOETFGOIVIITPNENDIGACSXMJTDEHRSHOOLWAIT
283,OOIEIGAATDBYHFIDAETFYNLIIUNNTESBSOEVOIEEORUEIRMNGG
284,JTTMOEYVEGEIEILRDIRBAGSINEEKYAZHNPIFILTNWOAROUDLOE
285,DERNTOORXSTOSIEREIEEGIWSHDACAWIKVABUORAIEASUEPVOIL
286,DBARQIPZCUSOLATVNEMOJDANRWETOARNNFHICERUAENIOGRAXT
287,OAREESPMLADVTZPLEAREAIQTOEYOOUNNOLRAIHUSITROSEVJIS
288,JMAEAAORDIALSOFDEENSWAPHNYETMNBPAONINIRRUTORIOEECO
289,RSUAEOELSZEOTWRUOILAXAAEIOECERTYIMEAORDIGENULHFHMA
290,HJBNAOTXOOTOCRIALOUYRKRTEMIDUSSNHIAIESZORNFEPEAILU
291,USUUNROEJNTGCIPDLOEHEENAOYOIVAEDINISOIOSWRLMGYULEF
292,SIHJERRIPDVNEGEONDIIUETAEPALATOOTDAUXNNAORNLYTOLVS
293,EATRSEXAOLUEGQNDLYRVBFTRCSENTOANIDZHVKTEEANOGUNANC
294,ASNIORDTWAIBUTERAAUREAEYLEIVLIRFIEVRAITFXSQNGHRNET
295,HUEEBJMRIEAEOUEROESOWLGBEARGNAYHESKFNSVAODTALOARRT
296,EENLAULSOKIADOGWEGOQXWOSTIPJEEHRCEITISTNTFEOZLMMEB
297,NIERLUALNHEPIZRSWMISCEGLODOXNIOLINKTOSAAIGJEGERYEE
298,OEIRXGOURGHEUNNJLLEAFRMVOINTTAECYBTAOCEPNLFUIENADI
299,OIGLHOEIYRETGBADWEHNAOIDNITXFFOEEJUSALPOAISSOQZIVW
300,FTODINQDPUYGHJGAEONLRATOSCEEYAHADLIVIADEPAESAUZRON
301,ANNAOVDOEAMKEFACCSRUITEUEQJTRESOOBGALDAONERSLSINFE
302,RWFINURIQEOBWYSRACOHTRNAZOAKJNSGNDLAENLATETTAEOEHI
303,RNOXDIBAGNUOLAUWAFETUAAYDRQNBOAVLEERGZEIDYKPHOHEOO
304,OMPZSBLIHTWLLUOWQUNSEROKHVBUUIOOTEDFACIEJRNISMAEOE
305,VKGAIDEOURASEEEBPCAOUFONYOATAZLPISAODETQEROUEEHTIT
306,RAAEBTDNMEVAIDINIEALTIESYESQOUCOAELOYOGNOCDHSLROWU
307,ABTCBSRZMISTODIDEAEVUURTHOEENPJALINHROGEDFTLIEYINI
308,TFEREWNVLBHXAEAIYADOAIUMIDUIQEEORRPTAMSGVEAZTSCLAT
309,ILQRRIIHEDCLWSNEATOGYOUMJAFPSAZTENELKUEOOVXNEAGARO
310,JEMLRISPTEWEOLATGINBOIHOHUIRTETUVEDEERFCEWSAZSRUAE
311,IEKEBTNIWDCPOIRSENAJCAOGXEEUAILRHLDTSPENGOMOAEODTY
312,UYOVEETINIARTASDTFWDEKROEAFETSMRGLONITENEOSNIAHZGB
313,UAERARSXLADIEUNBICOELAEERKOPETIETTNFRDNWWTEIIIBOAS
314,IJMUORLCNFVILEWAEESRATOXBTAYLEKRVUIRLDEATGHAFHTSEO
315,RDFNLGOTJENCMGAAETULAAGBYEITLFTAWZRIHNDUVPOVRDMRIN
316,HGAEDWEWIAAIZVPFETIEYJRUOINTREGNPISLUNIOTEIERDNKUO
317,JINETEZRAESLTNSTFESRYNNDKBEIRIALOIOEPVUIDXIWAGDCAN
318,OYOXHHCNDELWEANMNEEIIFEDZAVGRDJLAEUKONAEYIRTIEEARI
319,EOUOJDVPLUNRTFEWNAGXKAINIYTOREAARAFLDTBSZCEWHAREIO
320,FSYECMORIHUEUAAARNVYPAINTTEIALOOOSIOIRIGPEEGJAXDRF
321,PLYIATEOIZPOVRXWEFICDODUUEQIFDKTYAAUNLHRANGECMGSAT
322,NYAERAIXDCNORIRIREUBGHZDAMMINWGTIOFOIYDOAREEEUVAEE
323,NNJNEVENIEQMWWNDPAEYGKTIOEEORRROYREIEOITATEGUFAIHP
324,EWUEAAASSAUOEYREQGRKAGIVMOIUEBIWNYIAPITBESGTOPROTI
325,ALLAIQDTWAINRVEIINLTCHMENOUDIFSEEPEROOBERVSDBRETIG
326,INTOZTREDAWFNBIRYAELNISIRFSJIGHOSDUIOIRUELKMREEEOD
327,KNYOHNUENVIRNXIASDEGUEAOTLLOIIARWOEARPRNOPSEGEETML
328,UHJREOECGDTEYWAXISEOUOOIAODNCMBINKOEAENDLTRMIAIFSL
329,LGTEMUSURAIOWINSBWACPXSVMHDNGOIENRIEEIFOAATLQSRRER
330,GAOEORDOIEJIEUIOAHPTITTRADHYSTNUCSPFBRXFOBLUEZRMLE
331,FPORYUDEHLSAAVCRTSAERAGOONTEVMDGJWLNNRHLARCTSPWUEI
332,LMOADANYHAEAFCEIJKLRDUARNREIEIOFIETREAOEYOOICTWTSA
333,UHKETLTWIOIFOIHCZANARCJTLYPEDRXERSBDEIAVIAVGTUADST
334,JLFIOIGAMKNOSORERTASUITFEQIPRDONCWIAEUTCTSRNLOENRI
335,EJAMERBUUTRHOOEMEUFTTAYAQCIAGNRLADODAEBDASFYSNIEZL
336,AILSNENPTEADYAUCORBOUHWSSEKMICFEEANEMITZRAERLDEOTI
337,JACRAEIMUTOGPOENAOHRFSKFEOYRCASWEDTVNOVTLEEPEUYQEO
338,HERAIRKCASNXNMDJOUNOVAMIEWGUIEGAYSSLSEETONBLCEEGOO
339,URCYDRAIQNLEIUSZPAOEERTIDDOILDROEEBSRHTGPNOTESREOF
340,ODENIASTSAATEOYBDEYOEIRITFGCLSAFADINPAJUOEENOQZRIE
341,EESARNNACRTROWISELVPKFTINUOGDEYRNOXACSYEAELIMSTEHT
342,AKQOINDIOESEAUOIOEJEAUNITFTALMAPEDWLRRADONSIITIICL
343,IEFSOPVATAPRMTYBEIESALBOUICRJANACHLNRDUEIEFAAEDEEE
344,UYOIERGHAKETZSOTYARNPBNCISEOEIETAMIERISUCPRANEIDIV
345,IYIEHGAADNIILNASPOOTRELAOAIAFOVEWEUERSBUPAIONUUNSF
346,SRRTRODEEIASEITCVEDAEBMGGUAOIOOIIQHALTKGDURJIPEFNW
347,MODWAYRTAUIOFAJAPRATPCNREOIGNIXAAYNVHRUEESHGEIDSOD
348,THNENNODSIEMAILPNTEOFTKXIOZVLEEOUEFADEISOTNDAMITER
349,PJZFDNERNCYVHEAAENTEBIEDASILNCXAGMQETMLAUIIOIBRTAE
350,ENSUFLEOOMEUELKSRLLRGRTAWERAZNTDBEIOIYVDIGNXIATAAT
351,ENEYOTSEEALUVOLFRIUOIBMFBIEYHDAGDLSXNTIWCODPOIERPT
352,DRRLBFRQFCAHSAITTPIALONSUAEANAEZMPOMBOEEYNGIEEOUSI
353,OLNNJYXFNSIDQAIETAEOTRNASEOGVEPESOITMTEAYDAOERDFAB
354,PFEAOUAXIITEHTRUYDSEYWOAENNBUTCRGVFEERGRRNOTZOENIT
355,GSTAWRRNPYTISIQRCNJEOAUSGREAADEODMREECULXIMROOYLOK
356,OTAPNEXORTSDNERUGEEIHININIWFBGBAOEIOEIEOERNSUSGQSJ
357,EWUBRNVANRQERAOXWEIATNIRUGONEEFIIAAEEHIITTELATLDOR
358,NDMXVKIDSUTENINLAPESEYWGORIRELWESTNOBOAEEIOUURGOND
359,CEFAODYAARINIEIEASTBXRIOOOWTRELVNYKWAHSZGNIQAEAGTO
360,TATOLBASKCFUZOOEIWUEERVNLLIJROAONDSXOTTEUIORCLSAFB
361,LRIOTUCTGDOOEUIDTUIOINUPAOOEEMEGIRNBQXEVEYMSNZSAEF
362,TZIPSEOTRGFRADUALXGABTSCURBIRAVIEQNEARLTTLFNODEOME
363,OSEIEALEAWGBMSCYRQTRESZFEJIALTKPLDTHIAOURIYAERNTTS
364,HQZOPIOOABIDGTEXECALOILEBTNWILINEASHYRIAVNKIETUDEM
365,UEIAABOKSECNIINAMEEAAVOGEORVLITUMUAJQASIORDGRFTSFI
366,TZACLFIELPMSEOEDTGSTVUBNNSNRARDSOTOROEAOIEAOEGYEEN
367,GULBREITFIORELOYIEADOROVNTEITNAMWNTBYAENHUXTOCOLEV
368,AEYYNBTIOIHRODDOSOPIUORONVAIBCNSOREUAIKEDAEALREHLS
369,RAIMFENNGARNEXFTOLSIRAIIDCIWUEOOPWQSTTHSAELTYDNTEY
370,IOMNJIOODEQULPNPELGOICYRLTUGWEAOAESIVSOTEKFBAIRFBI
371,OFROENPTRNOINRTRFOIETRSQVDAEYALGVTEIILEADAOPWSOECO
372,SDTTSDAUEIKIWCTAGERAJIUHOIOMOAOAGZDITPOGVENMBAERTW
373,OGNOASURELQIREBTEJNATEAANGASTLAYYOEGPIDZBLHKNIEURP
374,TCAUXRITTVENELWIEIAREUILOIGADESVIFOJYQOLAEMPTLNINO
375,IKZOTAIRAUYITVROYPDOLGIQNUOMNBIPLNTABRAUHTOUGOEWXS
376,CRHEEOMEOIRWEFPZRNSIDIEIJANOTUNQXITOEDUAILAEIKTFAN
377,ERENDZIUEKONAYVERUEWSFJADNAGEURUIXEEOLTGATEFTTBIIM
378,AODLGXEUAOENEYENNIUDATSOAAFODLESEIMZWIGHNIRRABDMOC
379,GZDLLLCQIRAOONDWBTMPRPAEGARRWSHAITTHSEONENXYEIJVOE
380,NTNUIGNIURBALJERHSYENAADTAOVNBAPFLLWXIERODSTEMGOOU
381,SEEATUEBTTNTIONOIYUHOGIEDIRASEPPOAAKNAEUJCRNMAIEDL
382,VIOEDNNMOEZEHSTDAIOELIISDAWPRNIVAWGSRFTAEXLTCIYAUI
383,EEENRRLSOPIEIUETONSIORTGJSLDACAYMDNZAIKDOARARIAEXT
384,AMAEVAEIKODAAOIYWRRITFSECJDFLRPIEINEOTEHUSNITMNHUE
385,EADAITTELVBSKOEMOOEIIQUAREGGRIEEOOGSETWITOOISYWHTM
386,OBDWEWRSIETOOAEIDASCIVGEANFLARVOTINNREAOQLOYTGEGTR
387,RIONEOWCOITNSVVTLNEERDEALEHPOZIETJRMGXUFSOEBRIIITA
388,AUANMMARXEQUROSVNPOEJLTCNSAIOOEEESNIEHIILUAWGRRPNG
389,ENEDOEIOOTNIAUNAFRAGXONISGPVENABCTDSTYIBEWRHEQZIIY
390,WWTIEAOGUEORECDOALNIRTHOMAANXLYENALOESEIQVDRNABUEA
391,RYEADJBEOGAENSPENOAKTSFLFUEBXWLAOLCOVLWPITURIIOATI
392,IYTEOVDEEGONMWSIELTDFRIANCOIRRWMTREXABQESLPIEAUOGE
393,QIRAITAEIIRCINLZTISUSUADHSFMOGERWIERNOYGONIUMDENLO
394,ENAEAEEOQRIAYIEMVNYOENOIRDFUUATSEHAAUFODBRTPDNUREI
395,BAUDFROIXGOGROEASNAWNNTAERISTIWIFLEJYMESIRAUODEEGK
396,CAEBOEOJLAKAEEORIEANNLMNRGYDWNIVERTRVEXDNNGAAEZPUF
397,UORONNBZGLLGATOMLWYIUFIOEEALRCJTAFETRVBIOIOENSDWHA
398,MEEETIOOFECEKNTEOEDUTAPOGROUAQIDBIVELSELLHIBRSVGEN
399,UNRSOAOINIEVYRPVWDOELETOAENDWIGNRLUTSIADERIEAENLUG
400,BETYCOAMOENVTDOELCAASRTHEAIAREXNFLRFUNSSDOEOTLIJWO
401,AESPCUINUMAINPDEJOWREFRTWEIDYISFULIISRAOHZERLLEBAO
402,EERNMESZYVOOIRHDDONSOTNBRUPGNOOFLEIRTAATWIIPEBEEQU
403,LETAEIAEROIEMTEYFTSEEVXBRTUAROIQCIAPSRENIVFNOWLZSO
404,OXLTFWAIIOROGSLLUNARSDKAEYIAANWEPTHEPEIURTFALEHBEV
405,RIRGEOALATVOAIETNMCOUTBIFIDEYMIIASGVDJRANYEEIPRLRG
406,TRRRSJAZSXGVADKDEAWNFURNUIABTIYLBUCCHEIONTGIAPGAYL
407,ENEUNGYKSHEETRUBITRAMOEHIIOEOPWWRDSNILAAVOIBLEOEGL
408,GOEURDIAEAHUBEEIILRTNGEDYOSKLBIFVWTNOEURRTSTWPEAEA
409,PURXNIILENNFULTEBSLITIROJAEUMASDACZYGTEKAHEOMIIOAD
410,DUINUUAPMORAWEKQFBRLVAOSNOCAOILEESAIECOFLIAEROTEPR
411,CACGLEBAEFAUNANTSETYQNNFNWAJEDRPDAIKNUTOGELEAOGRHR
412,FUVMAAQADCNWIWEORTBNLLOSCUTEXEAIURTGDARUIYINESOLTF
413,CTENLSYGOOAONEVUDFBUOEIBPLAFOTEOTNZIIHALDLGAEROEEE
414,EIPSSAMEYURABOCARWRLWEKIVINCLDGRAJONOGREOEOFOTTTOF
415,ADNNRDVEAIJRMEIXEGRAEOBSINSOCUAFNRLTSYPROTEDVIANOT
416,AARGCXRREGIVEBISTIEAUISTFEOORYBATSDHNDOANNEWOLEKOR
417,JORAPTETVRWKQELPSDYEEOAEGNONASBIDAOIGOIINUCEVWRIYC
418,EUHWLINZCSEMNDTVBKWEILSUMRXANOATERIEHIOSDREEENOIVU
419,GETUGRSNHCEIOBOOZMRBTVEAOEJYANIICARPIREFLDOIIUSQOR
420,CLOBLVIUYMLBSRAIILAEZTAMIINICWNSFOSGGNRIETFIAGEOOE
421,SGBSVAUARVAIIERTESTDEZCEDDTIETEIBNUIRANIWETFLACOAU
422,IQURYMUEEIABEOCNDEPTPHEEIEINTXEJNSGOSGOARSNTASOBGR
423,JGVRBDKADTOEOIRDRNUGIDITOIEEAEMISFELOGERVUCNHCOOAS
424,SAIEPJNOEAAIGTRNYIESNLMAIMEHCRDOXOFEPOKWLDDAESSEAT
425,UREYGOANUETAEORNASLAINIACBEJIDIZCBLNTSTFEATKEMXIIY
426,HWTIRZDOLNWPKRNONEVIOAOAYDEAYIHDGAOMTIETRNEENAEUON
427,SLTESRRLOAMPNDBAAEEDOEVIHDIEXNUATIDOEGGRNTFITVONEA
428,ERCLOTIEEEEIWIACGIDZPUEKOOIAAIYWSTEJNELEDNITRRTTSA
429,RTDEEHETINCNSSEHDTAKERTIGUTQOAAOVEIOSAEIAPLIALLSER
430,EREIIMKERNENLUHREEANTPURGYYANIAOPTAGANGUAUDDTOIWDC
431,IIIERXAGLPMQEENEFTNRNDPRSWRABOGRILJERHVBGOTUOVLAIT
432,PZHLIXDGTESEANGJABEOFNKEUOEIDURVSQOPIIEYTIWANULFCT
433,NQBIAUBOACOTIOLNEPAOUAMTERRTDRZFDESUUELNCDAGIHWOOS
434,IGOEAAAITRVGQSRDDEAAIJNTIHTXCOONBAPEEHGBRRAUEONNOV
435,PLBIVSEIATCNAGESGDGZLWROIHERMEREFKVTUFEWSNURNIENAN
436,EPDTENREBNOMDEOURGIENUTEIIVQNPADUYBEASRIUWKAOTGXAO
437,IMARSEEOYAREIEWEOJLFAENONGPTLEAVTEGNUNNERRSARFHWZT
438,SDELDQOHKTTIEEAGODYNESANETBORFTIAIANIAOSZNREUWIIRP
439,CREIKTEPNNILDOATUAYUNSBYOTIIEJEIETVCLMPNRNEFDUEOTA
440,DALEVODKFDYEUBHSAUCAIQRIXPSIETSTEOAGEJOWNIPWELNBOE
441,CSPEJROABOOSELEDPWEINITICAADEVTLOHANFTGREUEADOEAGV
442,TAAEAOIDSEFROUTHMLGTWTEBINARCRBYEIOOIGHEDNWEIIMENL
443,NEHNEACNEIECIAOMUREIASBTSARDPIRETETDXIQHEAJBGNYDPO
444,EVLLXDBASEIAEATETYDDSTNAIAATIHQVRPIRUMECOTCINURKOE
445,PGSJYWUNNIVCOLOIPDEEAUEOTHEEELKAIIDIOAITZNLAOSLTTE
446,GSRABNENOITDLTEIISEBRUITMHOEAERNLIAPEQRPAESTAOSCDX
447,LGEBNJIEEVEASVFQDSOTILIWNCIAEGHUMUAADIDGLARPITEARW
448,CRINKIDEEPALUFEGBJNUOEXIINERTAEOHOLUITREWVROMUGQIE
449,NOAGPBFSXANRWVWDMTOAGUULRENANVEEIAULBAZOYEHORTASIN
450,EHINNEUQOCAROXDELIFRAPTOFWEGITLONNLBATAEOEOENDOGDS
451,EUNSCRIINUUELONEKAALOIIGJIGIOEYYVQUNAAHXAREMPRETAE
452,MGOMSNIWIETSOLLIAATRNIRROVKASZXDGLTEYSIEUATPJNTBDI
453,DDEEKRAQOOETOSONEALLNIRUTHEAANPPIYVEWULIADIBOIANXI
454,TNEGACIWELEIRIACLABSAPIEUUTTHEMEMOYZSONDEIVIOKHUAW
455,CAEYEEGEVERDSTSDTEFWPFREIACONYSPLJMOAOAERHNIBIOETI
456,OEDTLUTIETEEAAVSGNKAEEICECZIYDDFPOEBNAIIHQOROGRSDW
457,NSAILEAAXWSRROROJPEOTLIDKATSIPVNUAEOSOREDRDTGIOAHY
458,SRMKSBMIIRAONRDUTAUAEGGORIWPEWTAUOCSNOEAALFEIFNITO
459,AEEIBNGWRROVHAESTITEMLNOCDKARXAAOTLSATIPEREENGIINH
460,AZDCFMUEIDVKIAEXIDAOIPPILIANOLRSTNAEGYYWBTCUATMEWV
461,ADOORRLIANOGEBTIAASERMAKYDSJEUTNLROGREUCDTFIGFIEEI
462,AUNOEEFOHLIEEGMBUDETEOBGHIRCAASKCZIAMYEEOITTAWDRSL
463,IAEATRIBAEUJBUIOATDDPAYECHTFWONTRAIIRIMSRXEOLACWYN
464,RPHEAASMOVUEERYTALIINREREAOLDIITATOTWLUAZDSAGVEEEO
465,SYRIGAXVHMOSNUTNRHJTPNLRIIEOLNCUWEOEFEOUDDGMFIIKWT
466,OCREYSQLRUWEHTSEILPRFBMBAIUADOREMTTDIVAIURHNSOEACI
467,EINYLZSOUAFIPSCANHGAERLHELDFTJROEIMATWIMCENUVSEOAQ
468,NIVWSHSITUYDLFGSNYFEISCXATODAKUJAPIDOZVMNNEAEREIAO
469,RFLDRTEZLEMIEIEIIFBEYCIENMAIIRLOOAVOIARIONTEHSDQER
470,MITAWOXRATILSGSQNFLGIIEDRFOSEARRYIZKEBLOJDITIVDOEV
471,WLUEFSOIAORNPTNKDEYTRIEAISTOMQIBENGHTAPDYHABFDRLOA
472,RVEOEPDDTUEREWXIIZGGPERYMONDANSELAOJSNONHIODOYFIUO
473,TVIAYRWAMORGATEOIIEEOFANPORDOPHCATOOINISBAWNRDDTIE
474,EHUZVPINQDYNAJDTSLLRCIEGEELTREAAEIRIRIOKUAWONBEBOY
475,INAETOEIEUOJILNYUGOLSFTNEEUITDEIAIODBMWLRCOVMGTRRO
476,LLOHFSQEZURWIINXCLEAKDEIIRUAJTOPINROEHTSBPEADNEVOG
477,EOPWHIJEFCUILEGQORATAWIASYARRKNPRONEANXBATCIEEVIEE
478,SDEQUNEEICKADNSIHCTVANGWVOEFEIIETBUFTEEAAODLRIPOLN
479,UEYUDUANVEMEITAECTIIEWATFIEBEPRHDIAGLNWERHDSAROION
480,AWAMQTTEHIBGLPEEOFZDEEOSLKEORAENROSNNWNYROIROEBMET
481,UEUKOIIFDETLOMRLAPENVRTDOUOEALNENIETBOEEGORRRVLAIS
482,EWTDAATRPBAWEIINSLEMVTGOEOOMSNDLLHLDIRUOFNDUPRIUIA
483,LZOEYREIUKEAETAIWSQIPHADADLCBMTVBSONEYNECLEAUAIGOD
484,RUDHZEEIULAAFEPEYIAVOIDTSRIENTOTRJINRGSMKEEEYTGPOA
485,LATWRJELGEOYOIHARNASICOIRONPTSNVIICNRARHIAWEATUBQF
486,EETLTPTNIEYWVRRRAISXUOAKITNCOOJLUEWUOERIQAAPSNETIR
487,TENELISFOFONILTRUCOUNIIELEZENERAIRHEYTAKTUOMCIYIED
488,NBLAGNXEEUQEODFKNEMISAUOTHAESIVSAAJIEODOEGAPLOTOWH
489,SGANOIBYTXRFBOTAAPDEJRARUIGIELEEOONOCWEODRDOISTWUH
490,AOOTSOOGEPRZUREVLVDBSBEFIIYMACNMEIEONDCIAIUFARIUWG
491,RRHOSTAEWTOMLEEFYTORPXTTPMSOEZNERDOADCUAHLWIUECLQI
492,NRCGRHEGWOQDLOFMASYIETORTOEIOIKDRASENADIUEMVELDCRN
493,EPESIUEHENASMILVRINOCKRLYRUTEDIOOEUIOODTNTAJPIIISA
494,YEGRIAAEVEOJLTNUCBLONHPOWOQINGLATRLAPIESVFTOOHKEIG
495,YLGOETPRSUTEIBEUERYOCOTNEVURRDGXMONAITLISATLNHDEIV
496,NETEAPICOYEESOAOCELAGFHMYHSIRVTARVIIEAGDBTLNLEEIJU
497,GOMLNNNRBNZFTEYGETYIAVJAATWCDAOLEODNUHPRTROIAEAAER
498,OTFUARFRDHENEOBALUVRGAWBIKOIPDNUSWIOEOAADEGEIOIARM
499,WBOUAFSNTANMHEGDWEJOYABADLERIIPEROALINTEORDCKTLIUT
500,ERHNAROTDQWEESENVOERXISMULSREMCLAJAAYIGGNUIEOPNTEL
501,NNUBRIVOOOKOBTAESLOWEALAHRDNIXSDNYSIEGIAAGSNTLIEEA
502,KYBTOORDEGEPQVAEIUILIOGLEAUCWDFIHRSNEINXEUSZNNTTIA
503,EETOGADRINTGWOIEEOEENIOIURNSASIARWILAMEZMEBTJIAAVI
504,DIEEJTGGUECONASITENOLRNOOHOWOKYREFPRETLNEHNACOIEAL
505,IERNADETJLSAQGLOWMSCONSEFNFATWGTAOOCVLHEDMITDOEHIN
506,IAIFERIVANGOONEMSCLOOOTNEBERIGUUOJDMIAIHDRQRAEAPEY
507,ERANSIWMIEOUREIQEOOGRDPTNEABLMTNHBSXARGNAUGTNOZFRO
508,ISFEEDCHXSNIYODKEWZIUAROARETOSETLGVITRLNUUODJELENY
509,OEIIYAREOGIEACMHTWEOOTIXAOEFURLTTPOSNLAABWRSAOSVZL
510,DAOITSGIIALUENSDHOTMNAEEWBIFYTNZHUAECSRAEEOFBIRSAI
511,EEOEUNINCDAXENIOIDSLYRAGPORRRISLFMLEZAGHUNSKLAAAVP
512,OIESALAITSANAMNMDRIOKAEEQSREIZAARYEOPEDGVTDTOCYFEU
513,GUOARIWERFEAAYTSANZELITRUREONHCIOSAAUGCXBIILOEATDI
514,TDGVOBLDLUIOXAEHAIAYOTDRSMAFNTIUIEIEEBRKETLRRTYRDA
515,LESIOTWFFARAEIVNIJENZUIOESAOOALIAENNNIGETUAMWLESCH
516,TATEWALNVYSDESUIFGUEATOAUASOLOHDIINMBAILENCAPONGRF
517,UTGESRLWEONTHAZXRPVKNRAEGQVREEYPIOAINDILHIJMLTACTI
518,EIYUNDAGTOTDEIAUDCAGTLELREENSNSIWAZEIIWAIMRNOTORAA
519,UAMROIWEERTVIGMUSKYNAINNEABIEGLEIAOBRDOEPTINCNCOOS
520,NLNIAOUCEIMLSROLAGQJONIYFIIEITSYTEGEOPDTREEGALXTKR
521,EOMEAOXEAERTGABTIWULHTAPSNCOLSQNRDRIEUVEFTYELADEUE
522,UDQISOITDRBOILNNBDAEAPVFAINENTEAIEGNGULCTZUIDRARWO
523,XMYCUBTEDROONFAHILZEIALOIVSDGDNRUNPENTLGTNJQEIREEI
524,IHAEOOIEORMOTUNOASEERAEGKIAUAEDIWCATSRFBPTVUYRTHFT
525,UIPOBLTOKEVTQYFESEAWHEIWRSDTEIFVNIUAUOMBODEASAMIES
526,AONUALZNSBLOIRYIIDORBRLVANOIPTAGIRITDNWFIESSOHIFJH
527,UFTAIOIEOPOOJULTHACSABSWLECTNADEDEIDINRARLEMUBIEMU
528,DVIEVBAKYEINEAWRIECPLIASAJEAHEHAYARTNEEWEBTRNOMDMO
529,IARCHGEXAOINLNARIUAQEEEYFBSSMEHUORENCBOGVKOUODDPIT
530,GEMOUHTGNERTDLILNEIOIUIROBRCYESPTAOEJMVTUIUZSBIXOE
531,ZAEROENSDTPLUHETEUARLONAITNEONALETEDFVIIPBIRHKOJAS
532,ADIBLNJIEATWETOFETEEOOEENARUCMOHXERKUGATVEANEOLFHE
533,ODUONOVNIEKIOIOEDXERILHRTATTRENBEGAHRERSNCSOAECWTI
534,DRESQOSCERETAKXIUOEIDEMNIVUWYROSAAZYBODIALLGEGSUOC
535,UDEAWJURSQDIYRNEULLERARMEOIGWTDSNSIHAYHIOAOCXFNOOD
536,ARONAOSSTSIMLBCYBDFANVIEIGPFTUWINEEHTEOUADDEELAOEH
537,OZAYSORDKELHOOOPUGWCGMINAMGSSDAABETDQIEINRAETAEOIP
538,BCDTRMEUAICPNIQPOEEAIHNIDEMOFEBXAAGSLTISSRNEOVIAEO
539,IEENDOOACHEUAQODWPILTMHDEYTLAOTNKOEPALRRAJNELTRSIT
540,WAVORWTIAFNAIOTRTKNRGPOANOTOEULEHEENIESYEFEJESSRBP
541,AOOORNAMUNEESGNRYSIIBSIEZTVAAEFEHONEEJTRMGLTVEWLIY
542,BOAEOZGIEHSOILLYTAPALDUIQCNDFEOGEPIOTWIRMGROETUSIU
543,NSAXAIOREDVUTSMMUIIRBDKOESCUEUAADTIEHIATOINLOZHLTL
544,FRNUDTZEIEWLUWNSENGAERLROAEAAADIESDRFETOVYTIIEOPAU
545,IONNOESDIZIAMXRSOVNAQOILCALGCEHEEJTEOUPIGANIMRFTTF
546,TSOUTTNITCQETAENLGNOUOIRSUEOIBOWXTIOVLEPRRAEHEAAIE
547,ACEGABTIULAUIGRTJOOAPANCIEFVANOAEULYTESREDVLONONRB
548,PEOINZOSEFKFIGRJGUIIOARITAOCIEELUWOERVHSADOEDNRLRN
549,FOIRNTUVEGFREYDTRAXNAOEQUKDSWULNBEMDIPBISIALOOADNE
550,THIOIDADORITZRVUNEOOKALTDFQNSEAIEANATEVEMGIOGESETN
551,UAEUOETFDDNIDMONEYHUAEZWLKEVFWTBRXOTRETEIAIOBJOLMA
552,EWLELNUSNINREAETCZGEAATIDAESSOTROINTERKQIDTXPREIIA
553,DNERRFBKASLEIAADDOJIUXAOTLERROUNOYEEZELPAPECIHWIWO
554,WSGLEMRJPPNTIDONVAIEOOTAEIOAAMSUWIRHEOINEUOAKGNZRE
555,SPALIHADAROIMXCJANEDTOIEGSDHUDABRTINYCEEAATUTBLWUA
556,SHPEOFYSFNNAEOIOUQUDXRTAITEMTAOARIGDTLEONULWLEUNME
557,UROLTEEBUCDRNDLEOGEPAARUUGAMFNINHONWIEAIETAOODSATR
558,FIDNWEEAFTGNMRVEDTESORETNWEBXLVNEDDTOLCOCSGRUIYHOO
559,AREAMDLTATINOUBOECEUVIAALLEORWRPBEADGIVIETEGRJSRST
560,AJARTOQZANTLISNEUBUUWEATDRRTGPRIEAEEEEPNIIYEOLDKAX
561,WEPRUIUEHEROENINEZTVCADNELEATAHEIAUIFYITTBGMNOISEA
562,EOGAPEUSUTTAVRFTIUENAHAAIEALIOOMRYNOBWRXWEETEHDITS
563,NTGYCOUDEDGENISWRAAOTADNCASRILAYRKIEEIOEETUSENPHOA
564,IBFIOTASADANSLTOEOKLWUDORYEAEUEVDIIEJEICTGRFMZBYHN
565,IAIHESAELTWDDRSSITQTGORMEREONLIFOXENIRGENWKFELELCB
566,PAWNGEAMTRCCIRDREVFTJBASUAUTNHELEGWOKIRZEAOVNYAIET
567,AULSRQEIFIHAEALOZFWDGGESGDAEMNTXIUNAEMOKPPTEBJORIR
568,IAAEUBINAOLRTGFTELIOCEIODEYEREWHAUEVOHRRYNPCIJLUDV
569,WTLAMFGEZEGARVUNEIERSOIXWILCSDBNNAFOTRDVCOEUADSEOI
570,AQUUIXOOEEEALATSIPENRONRFOISESLBAIRWRETGOEFDLICNBT
571,IWEANTEREGELPDOSTLTUEGRTGPOUZIATOARNRIDORHEAYQESAD
572,LIEEDPPAIYEAANECOEORDUSNLYELOMDFOEIAHBTICNGIIXNAOV
573,OFOEEJGDPMISAIIQNTIHWALIAYBENTLLUASEXIBOROROTKREDC
574,CGSARUREOEEHYEWANEFATNOSRRADIIUPUMEINLENXEVFOLVWJD
575,RAIELBIIOITQSMPANONADEGFUOXUOLSICNNTTHAADIOYIETGEE
576,DYVDINNAGUFOTAEAASETYTTFDECIRBEGOISWNBIXOAHEEMIINT
577,RNROPGRAARNAINRTAYOEEMVFEHWSTEYLTOVFIEANOLPLUTNEXA
578,IGETTFEAUOEBTIWJARLRTEAYNPEIAPVRSREUNIZDSYMLKEAXOL
579,ARJMIUOEITEHAVUOAVWTDPIYSFOLANEDIOAUALQUBRTNGEEOET
580,LNGUOAEALADYCRWFFVSAHJGUTAEILHYRNRIOONNNITMIEERIUR
581,UJBOEEIIAERLTNLIYRQUFYHTIDAEMLAROMRAOAFUTEWSVZASNR
582,ENODIDZSNRATVIRSIIAGETNYEUJLHCENOEICRRTBOOKXEAIAVH
583,BGRTEORRUEAMNEAIHATULGNSEOGACTALUOIIAAIRQTIVXIHLFE
584,LNIUAILORAXWIOYIOEALRREWISUITIQGERNRESEOBEBDMESVEI
585,FNBSBITEDOACWLTUEGTEOIAUTOIOAPAILKINOREHDGXAOHRVEI
586,NEISEMBLROHDVAUSAXPEQAISIARORRETGCFDCWUDTHEEONEYUA
587,TSRDNISEXPWJEGTAEYICFOCAEDAUOBURVRNOAEMREEWZYIIENP
588,ESNWFDIAWTENRARERSNNYIJENBIROSGLTXDOPNOFOIORIEAUAE
589,SYEUTPDDIIVLWIANGARVACOESTWEDNUKERXAMORIOENTUORJLM
590,VENCTSUUOEDWFSIWNIPDAERALADJLIOQRTSGUOOIIBNZHTLAYR
591,EDETIGUMOTAEGJLDNMYEITTREZCAILTOAEERTUUPSIHHBNAOQA
592,NISGUIOMIHVGONLSTIAPBTETDTEOINTLFELEVUEACGWQAOZODB
593,AHRYITOSMBOAGEIEFGINQLIJNNZDAOTSUEHTERDXBEMILORGDC
594,HAEELTYAADTATNROOMEPZBSSTDJTRISQHCGRAOIIEOGEXNEYRD
595,EOBAOURDRAEDAIGFQRLITTNIAUTEUBLJITOHOGNNOKTDVEIEEI
596,HIIEIOSTAOTADRRDITOUDBTOEUYAWLEIEMTASNANLIHVFLBEAR
597,UREISECNWSTHTAEANTIATIBEOILRUONRSMNGAERDLNOTPLDEMT
598,RDITATEICWMYTQDVOIEBLAOLUHFGEPNOIRNXNTAEGFEGWSCAON
599,ETHYNRLAUBZNLGVIGFQEUSEERETWCFEHATMBOXRDIEMTEPDIOA
600,HLCNTHEAIFKFNMIGTWGOTESSISNMPAOUAADOIRWPEDATGNEYTE
601,PEESLHDPIOIAFDUUFATAACAVXRWDYMOTORDYENZIGLEIEEUWSE
602,AIEEVNAUIFROIIVIRELOPHRSNYNRDIREGEAHTOEXJSAEEAEALI
603,FOLIAAQINAAONNERHSNIHCMVAOLNSRDDIBDOIDUEAAOVSTYJOA
604,TOAEDNLISTITEXTBAJLIBOSEIUAAGRSGELFCGNEIUOQENRRTLC
605,THMEUENEWFBNAETEGNSMOPCDAOBOXEIAOCATAOTLEEQUVRIUNA
606,NPAFTACGKOOIIROUQLSTCJYNHUGARDAORARBEIVEOTADEANIOE
607,NITRVZPWEATQNVOUAYAJLCSERNGERMTIYBPSADAEIIIGTNOFRE
608,ZITMDAEERLNLGRODNGITOMFTEREVNWCEEKSJIAYLAAAVUURITI
609,LURAITOTTOIYBEFMRAYKVOALIOWTEDOIAENOQSNEAODMRSNLEH
610,NSATOSRISANIAEHYPITIIOLGODQOAIEERPLNZEOMDUNERFOOIR
611,FAOUIEXOLAATYGPDNORIBPDOAKTSAABSREZULRAYSOLERRCEFT
612,FADRRVQAPRLEORNWEOKIYHENOMTDEFGMIENALEUAOSOAGLOBNN
613,WLMEEWQATVIAOCSDAIXIPIAUJRORDYEATHAENEMURIFOGOSLKI
614,OYRIHLNIBVCGATDOISTEZRAMALIEUEIREGLOUNPFDUFDORAOAT
615,GDONIAMQAUOINVODBPOHIATSOXERHNWLGAEIEABECCPOYNKLEA
616,FUWOHFGOMTRVROENTDZNDEUDSIYAEEELIARNXUTTHTGEEALJME
617,NAIEADNRIULSEPTOIETLNZSDTGUORDEAAYCYVRMOLNIREHTICF
618,IKVNOGBIGAOLOETHDVTUPNEMOWACQRTJLEGROEEERASSADNTYL
619,TLSROIAHXNRDAAJRETEOLERNENDAFUIIOBTPYTAMQWIEHOIESN
620,FAALAAYOOEUIIGERNADGNOTIXDTEWCERLITEEAWOIAIYRSNNBF
621,OLIQUTEAINVROISTOYLEBNIZLFERXCPAVEESHDEGGENMDCOSEO
622,SZUGTQIURNYLHAPICLAANNIOERNTIKJBHMGSOMGAFANNEEWESX
623,UDARZFNVSGEOWIMQRNIEOOCAMGBAPWIDUNEAECTBDELRUIUAAH
624,WUINDDXFGHNAOASYRTEMQOASFVCEULSNTOILIWRJEABPEMCVNE
625,VMUSIFWEUDUEPBLWREDFAAEDROGDARVTSSQNGIEOEEYAILORBR
626,EEDUETCBCISOLFEIAKEGTENATANEASIJREDAQGFAOLRVIUNDWO
627,EEELYEPAACDTNYSIRDGTDEIUSAOFXFOEEUKAMNHAAVUOINTVWI
628,IIEEQOSKOXOPEAYEOLNTNNIYWCHNJAUNDFGSSEBLOEEAEHTRPD
629,TOTOLGEJEWOEPXESROARZAFSARREYIUVSNUBQHAAEIIIEPUDAT
630,OGGTCNNEMRTIISNEAREBYKICNOUTPJHWMFEOAWEQOOXURIATUT
631,OIADOABWNEUGHALAIARIEMVOMEIETNLQAWDOSANSIYDTREGTSE
632,OVNTARHZRAAWOIKUIAIPAFPBSTLACRTSETESIINFGSXIYEMAGR
633,ECIETVNGTIOWDDMPFSEUGNIYVABQEOGIAHSMUOUELOPTRTREXL
634,YNFNTGGJACENLIUFDXPATEWIIRITEAHOBEYTRNNNDOVDROGAEL
635,NITIUMUIUEDAEONMEASAGEINJSBWLTIDECBPIPGRASKEORDYAN
636,IIGIIATCEGNSAUEAEEOILJSTRHLUWPETXDOIFETENEDSYODOHO
637,ELKRMIIENEIOOAHROVAAEENIBTIJFFGGAEATIDESDONNEESQRU
638,OUTECUSVLREEMOERISAQONAREEUSWCFYKTPLAJUEDDYTAENGPE
639,DYBWMHLIEUOIUWEAEIOQNAORGEEKFEUGRRELEITPIJASOETSPA
640,AELXAGAIESNBSTKUWOITMENOPRIDLIDTLEROYREEANHEAEITED
641,ULIOSEFLJNMAEOUTVWOQTVIBHEADMEROYIIRENOYGDELDENUAC
642,OTGJSAEAMRTCNHGEOTDLMVRITILEIUYEWIFYBEOUVWSDELRANE
643,IPYIEOUXINAALVASFADRWHEENVESONAFISUTGILEGIBQCLTRRL
644,YOOAVESLEDOAYERNATWMEIRTNTIGKRVBAOCLNEZSUIRMEEEXIJ
645,TNVAHIXGWOARSRTNIARVELIWTQARPUPOJNUEESEIGELNNMCGOO
646,OEROCXTWIUONAFYIOAARTLAOHWUNRHNEUIEIERLNEDARBKGNVL
647,PALSEBTIUEEOFTEGECDBMVINEZSEXIRRINEATNYRWIOODSHRNA
648,IANXECGDSTGMTNITEFEEOPYZRTEOSNNIDGAAWRBSOIDAVMRILO
649,EGEAEODERIEJCPIDLEHTEODNROMAAATBUOSFGTFZKVEOARASVT
650,AZRLFIEVOTQPOUNOTTDEHIRRLAEDNIKNSOEDOIIEXAGLMETGPD
651,EXTWBITDUNHAEADENUOAIMLMNEYGVVTOCRIPNEASRINRLSHDTO
652,OIIVCIEDTUNGBDEGAEARNOODROTLYCTUIFLNTPIREMQWAUEUOL
653,FMNUDTXIUEIAAATOITOEMZESTBEIWNAEIUOKOHBOHDAONTOLIR
654,UDCOOIGILONISHPAEYSEAOOTAELBSNBIFAROVVNRDDUUSXEYTQ
655,EZORUEENECDSIOAAIORMEATIIPITYGHGIEDMOEVNQFOPDEUTTS
656,INTETYCOLPMRHNELGTOTBOMEIIODOGDDZESIEVTIAOAHERNRES
657,EOLQTIYLGODICNNOERAHREVVTAZINIGABLIUELICSWNEYPSDTA
658,GGTWNOIELSRDUNTLIMUEFOBUVNAJFAITIERYPERLSAADNWSPAO
659,DGNPUNOOUMIELLASRIEIQNBORSLTAOTIAWFFEEEAZIAOPROLTI
660,HHIIOBUGMRSIDWEEUEEGDXLEIMSVAROYFAAVDQIALNOOEIIOKA
661,LAIBISIKODETNLENOXRAEJSEQLEATEMVFGRDNGENFLVPOUTPEH
662,ALIBOGIPBEADIAHARNMEHUNOORIUUGESWRCOFELNLUQLXERVTI
663,GUVZTNXGEURDIMCUAPOGITEEECTOJDEAEBIFONLSUARVWROEHE
664,ASNPEEUMTGKUSECEWUBHTNDNHIUIAIDEROFAOEIEVGQYOWADRE
665,GWUECOENALWORIRXZUADSRSETULOGJTQFAIENIHILVAADOIEDY
666,IEARNSEFRUPCJTWECOIGYOSDHLAAKNOLTDMRDREEOUIIWLVIET
667,PTOTEMRIEETIEEAFBRVKRALOIRSHIAWPVENEEIMLDDDYUSWUOR
668,ITVFOAENMGREEEEYSRTDBOAPSEDRNNGGSOEKRAONRBULJCTAAA
669,TWQAYUWONNSOICDAFIUGEILTAEFAIAACTREVNYNNUEJZHLTEUA
670,LOAYEIILOAPTNTEAAEDBYAIIDKCVFAORNUDMEATNRRWISEZHQR
671,IRULONTQUASPRTUNIIEEYACLSAAGOEFRREMPINDLIIODGBYEAC
672,ATRITSEMIDUIRIRNNTDEHKSVOHLAEPANVWOSUFLDNEIARGAEYA
673,TIAGTDELAOISOMASREDEUOMBEFRGEACHNYVOYAOIXEATAAFSQN
674,EONNJWTINEETOLOEVOIMRYIFOSAIIMDUDLNPEWAADSNTABAGEE
675,HEPDOLTGIAIAETIYKOQVATOEENNEBRAFENMOZESHDRRUUNIDIR
676,INERCDFEKGIESAISTAREOTONMILEEGSONETUAEHNLOTEEAYCXE
677,YUINSOHSERONXILREOAHIFDUATOBLUFCIQARNGTORDDZNEJGWB
678,YCEOFEOXENZNESOOOLCSEDRTIAIEPBHBDFPIHIUAMGRTSIYMLO
679,DAOIVIGAEORTTPFITNRZAEMERASNBAOEAUASOWKRSJTUNLECEE
680,OECAMEVSORRTATBWUROVMUTKTAQNHSENOAFDLYIZRHSONOPEWE
681,DIAALDATEOTZNIGDNODUAGSUGSESAERRWOHIAQNERCOFSETOJH
682,CEHEIDGLIUIAUAYEWENJLIVARYAPLEBECROOUOEKIAIWTTONEZ
683,AIMEURYEDESTTEUOVAEHRASRNBOGINNIEETHIDEARTCIPGREDF
684,NZCEAADIRTVODKEEDPNWETEIEGTOONIHDAGVQRGULNONPNRAIR
685,LALBAULPREETTMECNREWRYTSEIGAVRANDYNSWETFOPHZEUIXSA
686,RITOUZRDIEYOHPCDUNOEOXWLETKBIEGDSOLJOEFEGEWMRNRIEM
687,REWOGNEAGLOIDUTVVRTEPIELFYZEBAAIRSEUEUNOTNRCECUPIE
688,TDNEILIHWIIJAOTLPIEIEETNCHEEOIMNORCARRFGROIQAVURSZ
689,DOSPUQANNEITUISATWMETVENUXNLEOIPIHEEDRRKRELULROATT
690,QOEVUTNFPPAETESNOYORCWJEODTVECNEMUIYUOLRAEATWILSGB
691,LTIELGOEGGETJONRNATMINASSQIERECDWERAACNNEDEFOOTDIH
692,OEOGIOTEACPOLRVNTEATRALSLKWNURJYINCEGFIDWDEEZIITER
693,OLAUTENAYNUTNIEBCZAEIJIDAWIOSMURODAEIDOGRTFLNEFTEI
694,ALEEIBEDKNUANBHAREOEADMVUSOEDSTSDIEEXTZILLYRENYRUI
695,SGEELWOALTAQEUXWJGPYUROUEFTEHEODSBIAVAAIVEIASNRKDN
696,HETEBNECHBLZLIANNDTODOOSAWAXDKMRGPIUFEFRUACWOGOTPR
697,NCFEZRIAGNLATAACRISJLTLNUPUNDIIEARIVRAREOGXTSYTIKE
698,OTDLOLORVTPQGTAAOAEDREOUABRAWBCGITESZEUFIENRJHCNLM
699,ROIKLIEAFAERGUOFMQEOANCDINTSREGIDEBEPOCVTMENOIOLIR
700,EUIHEIBTGSIAOAJVWASIEEUSBWIMAFLNFONTTARDELEZTIAYYD
701,BLTIPPVAAZIOSAOEOWITRONTRLVTGCHDTNARSEEEAJENIIUOEH
702,ASMREOIVNRUNULONORADOKCHLNTFBUOPRYIGUTEEETISYBWMVG
703,SCVIRINOTPISEFIINWGIHOBENEYRAWAAHCBIEPKARVJEUEQEXN
704,TNQAEAAWADSKIGTORNARYOAIHCIJUAPLUDEVEIATEGXTEEPBGI
705,DVAKHHTERNRADIILIINPFSTIQZVIROITGRBGOEAUIOEEJECTSI
706,EAHBNVBRTIIUTEANRRMOUISJEMSFOECVTASYTANLROINKIADTW
707,KTDIRFEQGTZEBNLESIVAXAGLSATNUSPBHAYTTOAIEMVLOUOOLE
708,OAURENQEBIYIVTBLAYDRAGAEMEGUAHOENNAAJOTSISWEIFFETK
709,IGOCDEPNRLWELMOBNDELAOTMEAAIIRXOEEEQZSNSADAOSRUFEU
710,GRASREUHOBARIOLDNOYMXQYLURAIOANAGTEOVSAADSELNOSTWD
711,UOKENIRNMWERGAUEUOEAFDTAIEIOBIESGLESTYEGDIOPSEAPSA
712,EDTSGETBXEZAUIIIIRPCAEAOAYIOKUILOAOAMLEUNORSEERFTO
713,IIYLNEPNSOQIEENFOAUAAHPDIEVTONCRYGGTELCKIBAEAUGBXR
714,OEHRAMIORINAIELVAINUYIIPENFGFTARSWADSOZEAOECAUDLEL
715,SCISDTAMDEHEBAEOIOEKIEEIVNFUIUYOEOFIZDPERYIUXRSAHA
716,UOTRZLHTGEEEECLDSIHEINIFRNOGRWEWYIKIGFQOTSAANLLUTE
717,GIEEWOTPWTSDALIATSYHRBQMOKOXEPEYEATOMRAROIZEANFSSF
718,XEOSINTAIARVWDUUAGIINGWOEOEUEJPVQLONROAROFSASDTAAN
719,RPPEUFRESODSIOLWEHCNLEREOAGREIAALGROUFNHMVUYUQOSIA
720,NIFNDVRRUELSPAAXJICGUENGLTMPDNAEBLHZRWVSUTIAASBEHI
721,NTAIALNNYDIETOACRNSLWRISPTTAGAOTAELOSYIMWAEIGDDFNT
722,FDENGAOIGVBNENKNIOSICTETEUOAUDXPMTLDHEOWTYNOERASME
723,SDNIINPAESBEELHROGARRONENITOAARORWUVNMEOEAILFTPDZK
724,EIFALSIAADSIAARNIPIVNPHIIDFNUTTONYNEORXLEECGJLRTOS
725,IJRATYLNQAUCRFDETATENPWERGADTEXDTIWBOVULADMLHYAIRS
726,LEBUASWQZUUOIRDOMELNVTLIOTTHWENANKAAERXESOFRGBORUO
727,TEGAEKHIEEYSAPTWIIAJXZRBINGQINAECOAUNLOSFAGELTDHBR
728,EOYHDOAQOLOKMIAXIDEETNAGEITGCSUAVNEZUIRRWHBCDIROAS
729,DHRTGAEEIIEMSEIOLNNIUTYTTURRXDOBEATTPIAAAOGAWLRONO
730,ATEMEAITNOIETCIIUIYBDTZSVASHNWXAWLNPIUSQEVANAOYEIK
731,OTLFUOLEETSRAEIOBFSANDMRHECIATMYETTIODCIRARIAONOID
732,IUEUIETORATUELIXWDSVNBNTFEAOFOYJPTLOEEVNLAAYMISIOZ
733,NCPIOTATIBAOULTNRIAWUTOEVVHIEWEITGYOYNRFIXKEUAHRGF
734,AEGAYGOLENHUIBSWATIFDGEAEAOYXRCDMSTHROCEIBRRKUSTVS
735,OLIRWIUHRASEBIAIEANUVLOGIIUJEOEOENACRNYGCERPTAPANB
736,FOLKNEGITIRVRELNENANDRCAEWAUGDBITBIAFPTEMIVOOISROR
737,AMORTROOTUNAHRNLIIKHGLJUDBRWEACEXALUBEEEDIGSSLATTI
738,VLOJYODESAUOWNHEETDQMRREBYIREVBACXESIRLMFNIEIDICRT
739,WUTAEFMNIOUSZTMEEYUEGOGWEAELSAIYSASEABJIIOTTEUDBEP
740,ENSAMFEDRBRLELIRNSLAYIIVUUIECSAVSKEHGMTIECNOUATEJO
741,RLOOVNSRKJAOITELIRTWIAHSURUEWBIAUDEANETGFNENBIROTO
742,IOTNGODZCTDEIEVSAOEGPDLROCGOTAJRTBAABENNSAAANOOLRM
743,PXADOUEOESAORLSBTTAOAYGNSTEDVEOLIJAQETDGREANRUMWAN
744,EDREIFSJMNOINOTXCOARUOIYABCKGODHMIGTEUEOZATAUTARLG
745,IAEEDGDERORHIICAUSVSOEOVWMAPZOAPEEFAGONIATAAEMTHLQ
746,EIKSRINWNUANAOTRATODIEYIOGLLOFOEDTBMEGRPRSEHIBSILV
747,TEYAVGINLARTEGNIIEEKUONIEOBSENTPCOAAIIESSAWRAGOFYE
748,UONXEAAIPWIEAANCRSNVDWNGITIIBAMEOOEISTSEDYRIEOAGER
749,REISRDOIAELDUOHGLCIYAEIKZPSLVCERAEULTXIIEATTBWNUNB
750,MOLTUOEZOIONEPLOEOEHNEQIAHJAFBBUGEIASNIWRCPAMSYITD
751,MLOREEDTOEIRTOIBNIIVNYFYRNDRAMASUEENTOAREIDETGNEEL
752,CAAAEOKOULEBOGSUSAEUEPALYITRIDAOONTMAGSMHIIFVCXNTE
753,AFAYAEEIHKTNHASEBVOIPQAMIGDILFAIZUUESEDMENODVEDTTT
754,ODPLCOILAEAEDEEUJAOTRGTPWLAORIRSIAEFRINNEVISSDEGOB
755,BEAIIXOEZENNSOOEGUHTORAAUHFRETKWQEOBMULAEJTMDISEIT
756,EEACAZOEEEWRDYNEIOISKTIDEDMGRGIETLLUDEHOXACOVIIRAS
757,YOBKYOOQZLLIUTDIANNEBSETEFGPNIWAEANTCSFEEATVHDAODS
758,NAEHOEHTDGEOTNIZEYBUCPNUSENTOUEETRCRMGJQSVAAREIDWA
759,SENODUEUISPVFIERRUERHOYPQGSRTAAMEZHGNIOYNVLLJEAAOL
760,ETONNPEZHIEEIOYEAUOSCSTLHAERREOVIADUJEIADTOPONAWGU
761,NIAATLEWTAIZJHWAOIOAALFERGCMTEOULVASSNTEREVUNOIIRY
762,HCSATMEFOEKETEIIRBNHSNTWYFROGQIEGTLGRSVOEUAIAALREU
763,AISEEOYFADARUGLTBTIDEENUVEOTVIGURCIOTNHMARKBADXCNI
764,LAGEOFLRZAOSIPHCSVREEADOAERNTKLSONTNGRVIDNXTJTSAUC
765,ONEBURLOONNILEEANASTIIEAIOLFEGCATUOAWZOYCPESEHNUYB
766,RJIGIUDREIRONDLDSSIWAAECLLQWTLNOIFYIEEAVHRENNEEEMG
767,TEPSUREAOFARNIUAOSQAXETLEBRIITLOTEEELNCMDOIAYDWIFO
768,VEVEAISBAAXOREEIOGTNJCMWNYZDDUCLEIPUDOIRIATATANDER
769,LAEANUEIOEANNNUSDORGUBEQTIFGTEOEBAELAARETVGRLYOTWT
770,BNISRTDEOVNEBEILNGASULAAELAZOGWODRLTTIWCSPYYVHREUI
771,UHGSAMELMHBAAIWIOBOCVERNTPVIEUSAOXZWOTONFASENDTALR
772,IJKSICPIITEEUYEOTTUAEAARASIESOPNMIHTOEGWSEANLEADUN
773,LFDISVEUQJREAUODZNECINOOWMPVOTIGEYGEKAEAIFROOXEYRS
774,IEESMACSIALNAOSVOALTIRBOELRNHETAUDEILPQORONTAOWWPY
775,AUAIIJCIOIERDIPDEORTLOLAYBZRETLHFRVABIVEOSLATNSROU
776,VBODAQGMTPKDRCIEGJDEPDLMAIECBEITESNIUYLTOSRVLNOSHZ
777,RGTDEESUAGXCSIATRWEFOAOOLITOUNTJEULYEHDLEGOREIECEN
778,XEIIOUAFDNEPROUIYTOAVHINDNCLELJAETTEYTSVBIWQIERERG
779,ENAIIAOVIPRODGRAMARRAVZWHELXIENOTLNNTEETENADOCBPJA
780,IEIAAFTYHRRTIRXTCAKLNGWROUEAEZDHBAEITYUOODNEANERII
781,EIIORUUENBWPYEADURHSORSOFAEBOTOAIAGTLSELCAEEAINAIJ
782,PUNJSIOLVRAAESEOIREEYEUANSNDIQFYALHCRAAONRFEOEIODU
783,OEITLEDANOTYTPRAARBAPFUOOZSKSGEANCAOQSIIEGIVMWOITD
784,IVAXOHNGCFITINOTVAGSTEEBNMAOEDOTUEPEEBESITIKQOSRAR
785,BEDGJNONYRHWRUTRMIINWECATECIDPRDGOBVIAENEEOAOYTIGU
786,LLTTEDIQAORNNIAUMOOETBCDGETIXPRIGEFNEZEEOOOTAFKRBT
787,YOXNLOBIPEZAHYFAITDIKNHIOILAAEOGSSEWNUCEWEOOESOEED
788,LDERUISIAOPSEEOSOEAEPGIAOENVMXTJLONIFRTHTLTANEORNE
789,ECJPONMALTEBESENARGTUEEEIIOATTNSDNDUOATEPDBIYWILHO
790,OEGCIBNRHOEZHUAADNVMRIGSYSTUTUEDOYRPPISETRIEWLDEII
791,DSLATSTELYYIIDIOHIERGPBAANLUOCAOOSGXIVJPRDHEVEQMNE
792,OCRVFEAPITLSRIAIORMPMSABTNVETRNEHOTAEJLEOSZWRIFSWD
793,WCADEVNEGDIASGORUHAAIAVREOOEEMTOLIBRRBIRGSNJEHMOTW
794,NOODALTTSIZDAIACELPMDNHFOLCAHGRUENSETNORAEAUTTUPOD
795,DUNTUEMXOZKFOOTELPESLUGPAHOITGDIRLEYASREOCOTREFIRA
796,OTOAIEENTHPILDLVINITILTHJRMROEEXEUFAGQRPGSOAEVRDYG
797,EBPLEAENSAEAKIGECRVOARQDWEIRSOUEECGHOTYRMVODGIWROI
798,GENOMETORDSVRKUWMPDCAGAAISIEEDELTRIPXILWNAFTENITUS
799,ESAKEAIONEIYFDAFAJATECNDOGIWOEARLRULITASRQRIUAEVON
800,NULTBPDAIRNAIIOMNDMAOVYARAEEOSWRFILREEIEEDIAADTLTE
801,TKOMOLICTIGICABEERSPEOYZAWAXFOENEOUIDDDSNTREMIDJNS
802,HEAHAIELMIRUNISIADEEOZDERDREOPCAVEPFASLXJITUSAAIET
803,NIIOELZELKTHNRVBATOSAEIDUXOMNUAEWOUYEPOIICDOEFSELI
804,OYLEDDSRAYSEEMBRALBIGEAUIWODTFVTXOMIERWASERQIOECII
805,HSUIASTFAIEVYLCRCAITZDAAOLEIQTYNTAIBRNOGIMKWUUADRO
806,SATINTEAIEZERTEUGNOIRHNXFAUARSEEGLKPOVDLDRHODTIBEJ
807,OXASMAIISOBLSEOORRASETQAUPTTGJRLPEHRGEHTYEEWFDENEO
808,OAEBBNKTHRRNOYASITNEFOTDIUEJUOADVONGCDAOWIDFHEAYEI
809,BFNXGEZSODDMLTSEEATPRDAUIORUILOEEINQAOARVEWIGFSANM
810,LXRAPUIAOHENATNIELQOLTMFBNVEOIEHFCIOLIORWSEARRZIAT
811,RAASGTELOTILOEYCBNTEEILIJTNSNGINAAIQLNOOFRTRRTXPEE
812,UEICMTBZNHVTPEEDCAIRROIEIAEWDIRNPBFELKTAIEUNLOOIYR
813,NIIRILEIOETSALOVBFLRIXAWIHANMROAANLHEISPVFETQKEIUP
814,RLGXOIPEIKAAFGVEBRAETNUFOMIOWIHDERTOPUOLYCSELMQDYA
815,TIOCADEHETTESVKUOLGQBATOTEFINNAWAUELCRPVEJSUMRRNOI
816,YGUHEETOOARINNCEOOFMNEEQLNGOEDEOTISIRTVAEDNOFALERD
817,ENMEUHMLIIOYELTOIATIONZRDGNRAAIOBNJREGEWVTOFDITEEC
818,IENVAOVEGWDLEIIENRDOLRBEAAOUTIEUSNLOPOUGROIEOEIYRE
819,ALRRAEUOGESTFPNIVEOTMEOADNSFEHLNTROTLDTEADBYTMEHOV
820,ADIELOSRIUADGOBIHXTOLAUIVGWJEEAEQTCAEINIMEROTKVNRR
821,PGWLTAEIURQBRSVHTCMEFSRAAINUTEIUWAOOEIEONTERYVIGJC
822,AAWALREEOQDSOMVSINAELTNCASTUGBNPOAEOTZIAPLHTRINXAI
823,MENZDBRNLPDITACDRWIAUIABVSGEEEROUWAQEAVELACNNLOOSG
824,RODMEZEESRERYFAOLEIUJOADANUAENEXISBTSCOIIUHMRDINNE
825,DWFUIEGEEURSEXIEAOAIONRWZOBFMOAELCOMPLPISUEDNNTSVR
826,AGTRCRNAJEMNADVRVEIXUHHIPEEECRASUSRAKEUMLIILAONITI
827,LRESATIJAIUQREGROVENTDDRLNDESIOINAEMPLUUINABEORYWO
828,IVIFGFHENDDAXOUTENELOOZCNGOLOTSRUREALINIUIGENTRAWO
829,OYIREOFPORZITINXAOBNANAIPLARKDEATSGOVROTRDMAHHUESI
830,RWDHIKOEIJQLHDTTCEAUREWEUEUACNSUNONFGLAPOATYNELTBS
831,LTLVEQUAEGOUYZASDNELTOEMKXASWIGNCNRIDECDEINHWPRGAL
832,EESZDETDUEANEUENEOOOJTFNNSAACKWTRAEOIRRALAPSGMUREL
833,AHESKEYMIAOONSRINFUGEEOUITIOTYACITTJPOILNAEEITARBS
834,BAPVOIIMONETGBXODCRUATDOAAIUEZRYOWOPKEEISDENIVGYET
835,RQCRDXEMEHELEOEGYORONSIRTUENOOIVIONRDOJAAGNEIETALA
836,UGINFIVADIIEEDRYIQUTGAWRLLLHENEIAOTATUGEZUMXOVAPHR
837,ICTNNENAOJCEOWTIMROQBTIEASEOUDPEANNRBEAIIROZHNITIE
838,EUVWIYTDIQUINGHOBFIEEEOLIMKDRCLNOAUBNOEDPXASMLRSSO
839,GAAREIUEIBSONSEOOMRCFUIONROAIJLYLIOEPWLGEDTENYVCAP
840,LRAOAYWWVNNAARSREXMRSEOYTGIKDRNOASPFEELIGFCDAQLDHA
841,IAEGEAIOMLETSNSECELOIVIAENMHOEABLPEAURTYEESCRVTXUF
842,SNEODIETWYFERESTEOCTXGOUDNTIFHDQIDBMSORLAGEPAIAVOI
843,IOIOSAAIAUULDNRIOTAVTREDAEWBGNLHSACOINEENRLNODEIEE
844,HCTMELGSSLFIODPIGPUWDTNLRTIHEICEENTOVXOEIAISEAIVAD
845,IMDGEAEETASNCWEOSAEIGTYEBYJZLDESIFORTOPNTMAIIDRHLO
846,ITNFOWTHSSFEREEIVTJNOINIARCYOEILRPLDPUASERUVDIOZIB
847,TVBTUIRDPIAOIUHOHIAGOABPGEQAFEEJIWEDLLSNDTEAAIOKTO
848,AOOHQYIWELOPOEANEUENDOTERYGJNAHKIVTNRIAGIORSNIDXEM
849,EECRIFOIVEHHLOAFGBTLEASRTEUSEIAANARAINNTYAIUIRTUSO
850,GUTROETBLISQANIDFVODSTASNWIYOTAIEGJTBMAVGOEDEIEEHI
851,ONHLETCGTAREOLGTELONQUAEIFAEBAPRIIREZEEEBTSGRTNUMD
852,AYEQOUEDIRALEEGETOOUNCOYHZRENETJERTDAAROISSRUEVSII
853,DNIWSRROPVAEONICTGTLNXEVIEOROEBEYNJLOZAAETIGATIESE
854,ANVIJYBIRNOOIEPEWAORSRAEILEDRLSRHTILSEUFCGEUUVATAA
855,XHEQIEAAERPNFROJEVOIEAWZINIOLCASTIOOERBGEAETOSNAON
856,FNIEBAEMLAUFINNTBPRSERELIRODEEITARDEGEESTPDAVMUYOC
857,IYEILAAPINRGHEPQAITURRMDVYONVUNWAXEENETDCOTSEURDOE
858,INGAGEWEOUYEMOIXAIATCTEOARATITIHAANOOFYURMEUJEZVNA
859,EAOEINDYOEVBJYUTRPFAHOCSWITBSERKILOAFNXALGDOPMOUCA
860,ERDINSRVYBYZISIENOOLHRAORGNUAJLTAGEESOUIRXUNEAWPAE
861,GAUPLYJADRUUTOHRLTCIDNVMREARESGFNEHNCLESRWEUZAWASL
862,CAQNAEEOEZOLTAUALVONOIHRNYNMSDOPIRMRLSWTYELCUNFXIW
863,ELOFEIAIYDENTXDFIMRGDNIUPMSRLUJEWUEOTNHTRRUWYOGCIO
864,HIEITNIFYVOGUEDOFCORKOPBWTAYSERUIGIEDASITHNDSINSRA
865,NENUADPATINRROOECJSEETILGRLTEEIAIRHDEBMLPUAQIGNRAI
866,HEJNOEKNRTOOTSNENIIONZOYPIXWARAILMARAAGEICEDIEGEEW
867,SNXDWOAEUHEAELOOIIIHBNYATSLFCGEUAAEERZWNEMPODDOTEI
868,FYIEDLGAODOMSKUPIAIEDZFEIUIAPCWRALISNNLEOREUGEHDLH
869,ESGSIIUROIPEUNWDTQNPTASAZENRYVOONOOGEIBYEJRREKDORI
870,MELLTSVEQTOUJUAATAKIAIWDTADASEYROFONWREEVOIRAOAIEE
871,JEIOZNBARAGULEUGEPFTXRUSIYITCEKIAIWEFOYTEDAONTDNAI
872,SWIIKAOEDRTWYBNIENTJMOIDNNEOGULUEBIAAIOTEUYFNQITRC
873,TDIEEJAAXNHBRWEALYIOGNHYOBFSIENNOGGAIDAMSELORKNLDE
874,DKIEIUNCITTALVBRQSLCRVMTOEPIRANIOSBADWOIHUASWFNLXD
875,TISTNKXEPITEAZUSUIRMSIDMOIEVCEEOGEAANONDEBRLYAAWHG
876,ATNEREZETDEPELQRHTWNOAAYNOFXGKDBIOORSBAICEHRCDRPVI
877,IROWJAODOBAIROAELIUIPNDREENFRLTZINFDNARRTTALEGMEUS
878,TEDATNLQGTTUARBOEAIVRIZORDIKAHOFRICSVMJWRAUAUINEIA
879,DURYAENITLUDREPEAEDIOLKNGHTDIRBXTPCESIGOEIEFUSAOMF
880,USDTMEINBIGLIAISGOERLADTSYNNNWVOROAOHUFTPGKNQTREDE
881,XRLWSNUVDREYMEESOAPATEENSPINICIEAAAFQBAELTGGEVOEON
882,LVSOSANINRAWOBUNIIGPDREIEIEZAXIAWOREEIATTELIATMGDN
883,NWTERDFLOEYMIUIGAELSIOAFIQRIJOPAEEABADTSONNEGPURNT
884,IREAOSPEIEEIRNZTFHENLKOOSLCNOMEDPIIMLIIQADAEIAGEAX
885,DSAHOOUPIQTTAWIMRCIRNETEEYOEINVRIESEELEPETIBBHRWEA
886,FMEIOXNCLPOUOACIRNEVGHTVNAGOYEDSIAQIROUOATORSMAIWE
887,VDKPUFUCLSDTHAIIOEUTOPRAUFSIEROAATEEENBNONHARECDAA
888,TEIBZUOESAGOWFGITLDAIDRRXOMUSTVLROQKRIAELNEEIOOVEB
889,BWOLSLVEOOHDHAIUODZBARYEANGCKREAGIIPLEROUSNOROIEYT
890,EAAAUIRDNRSAIPRILALMBTSHEUTTOGACUONIAITKRQUSEZFGIO
891,ENAADEGIAINMCQIDEVIOANGAUXLETAWZTEOOBERSRDCSPTOEWR
892,TYFARRYTLEAROATNRAZPSLITUTIBIUOAUNWXBIEEEHORAEQPRU
893,ADIIOIAIARUADIBMZUNCRGCRTGEPXOPDOBHHTWSAOKNFMEEENA
894,TAAUOUOKANISHUIFRCIAEAYGRCIODTOMTLIPEONRVAJBTEGDBS
895,RGIOESAUDANKENTURFYMEIXIDTZTRWSISEVCAIHGURTIELDNSI
896,VTNEENAERROOUGIRETYGWHHNUJTOFEIIECINVARIEIOSDLROAO
897,OIQULLSOTSGOTTAIIRAATOGHNSHBDRAIJNDUAALREUKRPEEDVE
898,VOWEYBBOUEARIISCENDIFVAOAGNPETSOATSOIKEHOAZLMIAGSN
899,PARGLSUKJIOEFIEITEOXRIDAOCDTBROANHUSNSNMDNWELITOFI
900,EDCFIWTLEEYAPJOVKBUATAGOATHRINEIEHXPIIRSNSMLQIYTNW
901,ULEGTEDSWDTYTESOINSHUIEEINRTUGFOASRQWOIEBBEOANIYED
902,IYISMLDDGDTTEANOAEFLNOINFEIOUOERORELIOADCGSMIATSYA
903,SEGEAAURFTITRGRTOUOEQDNBKEIIIIOMREJEALOAVABHETNYNO
904,ITIEIUOEVEOETIAPWIJUECASTIVDNFRIHLRZTAESYSOXRTEEOL
905,OFAESSVDLNEFTUAWDONHERINPHTMEZIINOTIKCLTMLABOAGQAR
906,TAEFNEUNBCTTCYJXEEEUUDDERODNKLOAIOBYQAOVSSWIPSHZPI
907,QEBIEHDEEAKTDORMGIEGUAERAATTOAHUNGMWTRRIAXSUIOUCVN
908,GDIHEFEONSIDTEUSQACTPIUNANILGAAEAWOTRDRSETLOVOIBIY
909,SOPETNTYXHZYUEGJSDEOAANRNDCEIOUITASOUEFEEKAABIIRDI
910,SGMTXOFWIBFJNAAIEORLDRUNNWTTNPLCEEOGAISINYUIOAKEUB
911,NRXNOENLUEOTLRELEOHDNRYIZOGPDVAARDAIKHECCAEEIIMEES
912,ANTGDNUTICEWHEWETEJYUANOERBORTTUABAGEREUAAHVISKDAN
913,EXEEROGBDTSLAYNMZORWONREIYUONINDIMDPASAABRTLEEERIC
914,EAAXADICTLIAQUOOTBELARMGRCOIIKWRANEEGOREHSLEEVEAOD
915,UJYEBUGDAOWBQAANDTIYXORWMTHEIMLODOFEIZIACAOTTEARIN
916,HILCLTOOEVRZPIAIMOAAXECWIOFNSIEEEEOURODWBBGISHENNS
917,OETTOAWAFRUFTJYMNDNERUZOVVAEEYERLXILOOAAHOENTTSNER
918,EWLSOEGETEAEAIXTIOMKJEOYFOURLSRIAMRUETEIACTABZLAHR
919,INTNSUNIEOIASHJEORAWVVIYUOSQGEGITWAAAURFAMRAIELEDH
920,EAIENIUIADSCWOTTBHGRERDAELFGVIEEMVNHUNNOASGTPWRIOI
921,LRARGTXEAOTGEVCWBUUNOUMTUAOTROGIDLJRIPASPICYNIBSER
922,DHOQNEUASRMZEEIMWKAENILAENCBPRTDTEBIRIDOINETHTDELU
923,ZECPETAIRSTPBELRKANOEMLWISJERUEEATHUYGAOLNRIRSOIGE
924,DVSOUEWWJLOEZIEOMOEOOXYYGBRPIERBENSNIFEIICIDDVOFRH
925,WTBEERTCUAAAEIINOIEVGDITIERAEPRHTNIBTZTRNUAKFSOIAM
926,AVRRFNEFAOSIRTTLYLBAOIIMNUXCNRLEQUARDSEEWPAEEGAMDO
927,XMLEOITTZDHVNEIEIAUIYEUETFUAATUCWKNGNYSAMOSDLRELIA
928,EUYCWUOINICQTAOAFEEZOLIENEEAIDINUISLDPKHEIOWAUVRVR
929,NAALBUITSIFSENPAIRSRUWHRIYGLGONBNUROSDCETMOAOYDEOL
930,TXNTCIJFDENNPQGFBELIOGKWBNOAENEYDDTAHSOAIORAOINZIE
931,LIOINRVWINRJLIIEDNPEGYTVUSGFWAMTHZIGBAHLMSUFUDEANA
932,OAMHSWOPIVETURSLCYBREREVINEEZIEANTETLDFGFXGAEBQCSG
933,AIGGAIAEISJEEMETOGIIYWOTTPKVADLOIIEEEOVRSONIULEDAN
934,OFRORYHSEGTBVEEWAJHYZCELECASEIIATSEILAUATNMTODAEGW
935,IOSTNSTAUAYDOAVNWTEXGMAGPOFIENETAOREIAUDESFJETIBRR
936,ETUOTRYUENFMTWETNOESEIGMDHPTRSIAEUEPAARBAEVAGBKCES
937,HEELSDGDJISEHIROINENIRWVOTNKUIEEIGOSEUCOALLGNTRFOB
938,ETELULTVMRIFSCEETOEIBEAECOMLYWFKNTNEOQANWSDISPIIAB
939,MREAPENLEVHAIOSIOPELTTNGIRDAGOAUUUEODERNBSAYKEYEXD
940,EIHOWRBLOTHACIIEDNSAITGEVULYOGNRIFATDEGASZIOOYXIEA
941,UFTAUTSXLEOGTADLILRDGEHNNOEASFUOYEARSIITANJSAVMYOT
942,AIULAIOVRIYONETBPASRHIEAAUZNFDOTTEWLIEJQNGMSNEODIR
943,ICTISTSBIIDNUTNZUOEEOUXIETDINIROSEWECLTLOAEDTMJRAM
944,ECRTIESDLSJDIEANURLVATHWBSIINDFEAAMISNEAOOBLEUIOAU
945,MXEAJDAGSRKOECCBGILPRAPOIEOIAAENHNFRUSYUWBLDDTEIOA
946,EUADBBHDIEEEIKEOEIRROUGUEVVISLLTPEUIIWSPMTHENSNLAR
947,LTRVPOLIEGAIAQABDJFCEEOUACTMNDWTENEESIONRRHOEFRRPA
948,MKAETLINOEDESRRARYCBLEUMODCIUPTOTEIIAWNIOELEYEUOAI
949,QTIETIINONTMWSVLFYMCZAJUIPHNENVARTICAEAYURBLLIEDAX
950,RZAIREWTGLECPKLAOOEOYISTJTEDPGIABNTLTANETHNODUCDFV
951,MYNKTIENNLFOOLDVSOABHDAESXIJEIRARSOAAAIOERETCSLGTE
952,CEOANQNWULIUUIZSIGIYMIGEPTBDAITAANWTDGNIIUNOFFEILE
953,GPNAOLABEILANEAXYODLOINTEENROIEDIRPVJOTYIUEROCARLH
954,GHEIARSSLGIEIYATIATERRONEWEAMPUTNGIEDEESSNOIYWBDDT
955,RINUSONOHITRRNLAGAYILELERTVESEMWWAAZOUERUEEEETRAGS
956,GTYRNUUASCRRAILSLEYEIKIENAEFABPTNDFIOREERTSBNNCISI
957,ADZPCERESIROLOAIOFWIOVCGIPNVNRIXESAAURTMYAOIDUEHSA
958,RENSBLTENOACNUHAITNRAAPILIRTSIYCOAAEEIREDTNZAOSNXB
959,PNAGEEXMDTNOTVEHIOKLFSANYRUMCZSEWDEELRIAGUAOTREITT
960,PEFIDNRXAREAIAEEEASNLNCINSPWDTJOOZUEUOVEKDVTEOYBRR
961,EOOAENAAJRAIBTNNPIZDQGUDEOYPOFDEWEILIUETRIHSENLDCE
962,AELIMIFAATFCTIUDSIPNIAQAEOEELRAHUETUDNTDSYWGORTHVB
963,NBAUTMEAUAGXGNSJPODEQERATURNRMAHTTRSNGVFLONENEIDAV
964,IHDCALYRERXOAJDKRLESTVEAGIATOUSANECNSTDTORUINOBPEE
965,PEITPUTEDEENAFIITRQYFRGMNAAHOUESDISRVOAEINURJAWNLI
966,TDOGOOIOIERFSMNRWEZOUDISAIGYENIWEERJAOLTBVCDAHFRXL
967,UNDERNPFUDITNERYOACIRUOEBKWIDZANXTEAGEILRAIOJITSEM
968,TIKXSMEGYAEEILAWLIBROTDUIFRSOPSMNAAAEDZTNVDIAAEAID
969,ZANDTYNJSETTOHRFARXRNCERGFHEIGRASIOEWIIUPQUKUMLPIB
970,EOESSNAGBNHTOEAGAINVIYEOTJUWNSDWFBILRDTAYNEPKETCOL
971,YOERNCTDIJNUSMUTNVWIUSGSCHINXRAIREOBOINDESKRGWINBO
972,SUOZIYTAOIWAOADEFNEMOVACSTIOTESAEEDCENBAWAAYRXNIDI
973,UTNCNEPSTAORULEFPGDKYIYSWTTEIIEXVFLERAEDRRUAEIABVA
974,GBEEAAIETRMTPURSNWEINVIAAOTMARTELBNPSODLCFRHHLIEAI
975,OREIGUAIPONRADNNOTENXPFWTGTUCBSBHNSJNAKIEHIFUIEELE
976,IEETAGOENOAIIECRMAOHTWNLLIDXOIGTSSDGNMUNZOTUDNISOF
977,ISATLEAORRNIEXDENISVVLTFTIAWLIAANLOIOAOYCUWENOETEG
978,QMEEIAIRIEIIUAILSNPSTLNDHWWLALNSEDGDEOPAVONTBIUKAR
979,RDSERTOZAOTFIAITEFETEYOIAJCEACYRRHXTDESBWIDONUOGEI
980,RBEGKDMLHIRTGFHOOETLCUOSTPRIGTOLCYSVAAWEZRNEAFNESA
981,EISNAEDAHPMFLRLOTERVIITSNENLAYATUOOIQNUABVOASIROOU
982,ENFIVYIOEAIIGISOWATENLRMBRWIAYNGTEEETMRSZLTOICEJKA
983,INPNGQTRYSAIUOECITSAUADIZRIEDDNXOEFMMIHKRGRYEEEALR
984,TOIEIEXQPPLANYBACNRADHOWOIELRVEAEEYEGLFSEONIEIVTKE
985,NSFAXSEMSOINFVAGRATLWEHNOTUDREEGPCOIVLBSTZIKEAOCER
986,PBRTTEVNESKIDIANOSELRAIWMAOIAIXLQEUOCMSOELVNEPNERA
987,ECSESKEAORAETFLGCBPINFREZIIRVALTAAWEEEMUYOAHENOIBO
988,EEOPLVRAAJAROGZUUSSIIAIMSLDQOKABPWIOHDTRVDTNOANUOC
989,DSOIWCIOOMPRHSWKUTBMAOLAEEURIESTFAOQJICEIUEEELTOER
990,OEROTGDSNMWKERPUOADASRENIREUVNBAPFAUEORUHITEGATIWI
991,XLTELAAAAEUAEDTGTOSEIYEPIIRLRSNDYTMHMDNNESVAUOAONB
992,EDNHPALCZUREIBSTNOOWTLAKIUIIVPIVGCREFTQGAENIOLONJD
993,ROGNNEDEUEMVLEGNESAATOALDFEAZRHBCCLBEINQETUMINSSRE
994,ATUOADEIANEFELAOTWYRSENSVHFIJIUHCRQINPEIRNPARLAMGN
995,EITUTOEBDWAGOVTNIANTIURAFELMLRVLEIMRIPSLGNRCHAECDO
996,EOUHGWRMUNEJENNTTRATILDOASFARKRUNFIGIAXMLEEEDNTEYU
997,AORIPCWIESIAISXOVSELGRNUQTAOEUSIGEETUHEEWAEEONEIJN
998,IOGIQBSDNECMYULOLEDBVDLEOEERWGVTDTOEAKUTYOIEFIRTAN
999,UDOEIOUEMOHALTRLAZDEIGNIEJKNATHAWNSOIOVCIENETERYAS
